/*
 Navicat Premium Data Transfer

 Source Server         : khaihaso
 Source Server Type    : MySQL
 Source Server Version : 80032
 Source Host           : localhost:3306
 Source Schema         : foodapp

 Target Server Type    : MySQL
 Target Server Version : 80032
 File Encoding         : 65001

 Date: 16/05/2023 10:10:19
*/

SET NAMES utf8mb4;
SET FOREIGN_KEY_CHECKS = 0;

-- ----------------------------
-- Table structure for carts
-- ----------------------------
DROP TABLE IF EXISTS `carts`;
CREATE TABLE `carts`  (
  `cart_id` int NOT NULL AUTO_INCREMENT,
  `customer_id` varchar(255) CHARACTER SET utf8mb4 COLLATE utf8mb4_0900_ai_ci NOT NULL,
  `product_id` int NULL DEFAULT NULL,
  `quantity` int NULL DEFAULT NULL,
  `price` int NULL DEFAULT NULL,
  PRIMARY KEY (`cart_id`) USING BTREE,
  UNIQUE INDEX `uc_cart`(`customer_id` ASC, `product_id` ASC) USING BTREE,
  INDEX `customer_id_idx`(`customer_id` ASC) USING BTREE,
  INDEX `product_id_idx`(`product_id` ASC) USING BTREE,
  CONSTRAINT `customer_id_fk` FOREIGN KEY (`customer_id`) REFERENCES `customers` (`customer_id`) ON DELETE CASCADE ON UPDATE CASCADE,
  CONSTRAINT `product_id_fk` FOREIGN KEY (`product_id`) REFERENCES `products` (`product_id`) ON DELETE CASCADE ON UPDATE CASCADE
) ENGINE = InnoDB AUTO_INCREMENT = 46 CHARACTER SET = utf8mb4 COLLATE = utf8mb4_0900_ai_ci;

-- ----------------------------
-- Records of carts
-- ----------------------------
BEGIN;
COMMIT;

-- ----------------------------
-- Table structure for categories
-- ----------------------------
DROP TABLE IF EXISTS `categories`;
CREATE TABLE `categories`  (
  `category_id` int NOT NULL AUTO_INCREMENT,
  `image` varchar(255) CHARACTER SET utf8mb4 COLLATE utf8mb4_0900_ai_ci NULL DEFAULT NULL,
  `name` text CHARACTER SET utf8mb4 COLLATE utf8mb4_0900_ai_ci NULL,
  PRIMARY KEY (`category_id`) USING BTREE
) ENGINE = InnoDB AUTO_INCREMENT = 6 CHARACTER SET = utf8mb4 COLLATE = utf8mb4_0900_ai_ci;

-- ----------------------------
-- Records of categories
-- ----------------------------
BEGIN;
INSERT INTO `categories` (`category_id`, `image`, `name`) VALUES (1, 'https://icdn.dantri.com.vn/thumb_w/640/2021/04/23/img-6164-1619154712340.jpg', 'Món giải khát'), (2, 'https://vietchef.com.vn/ckfinder/userfiles/images/c%C6%A1m%20rang(1).jpg', 'Món cơm'), (3, 'https://ameovat.com/wp-content/uploads/2016/05/cach-lam-tom-chien-xu-6.jpg', 'Món chiên'), (4, 'https://cdn.tgdd.vn/Files/2019/08/23/1190817/chong-thich-con-me-voi-cac-mon-ca-kho-ngon-kho-cuong-nay-202112311425147042.jpg', 'Món kho'), (5, 'https://bepcuatoi.com/wp-content/uploads/2020/08/mon-pho-bo-thom-ngon-1200x675.png', 'Món nước lèo');
COMMIT;

-- ----------------------------
-- Table structure for customers
-- ----------------------------
DROP TABLE IF EXISTS `customers`;
CREATE TABLE `customers`  (
  `customer_id` varchar(255) CHARACTER SET utf8mb4 COLLATE utf8mb4_0900_ai_ci NOT NULL,
  `email` varchar(255) CHARACTER SET utf8mb4 COLLATE utf8mb4_0900_ai_ci NULL DEFAULT NULL,
  `phone` varchar(255) CHARACTER SET utf8mb4 COLLATE utf8mb4_0900_ai_ci NOT NULL,
  `fullname` varchar(255) CHARACTER SET utf8mb4 COLLATE utf8mb4_0900_ai_ci NULL DEFAULT NULL,
  `password` varchar(255) CHARACTER SET utf8mb4 COLLATE utf8mb4_0900_ai_ci NULL DEFAULT NULL,
  `photo` varchar(255) CHARACTER SET utf8mb4 COLLATE utf8mb4_0900_ai_ci NULL DEFAULT NULL,
  `role_id` int NULL DEFAULT NULL,
  PRIMARY KEY (`customer_id`) USING BTREE,
  UNIQUE INDEX `phone`(`phone` ASC) USING BTREE,
  INDEX `role`(`role_id` ASC) USING BTREE,
  CONSTRAINT `role` FOREIGN KEY (`role_id`) REFERENCES `roles` (`role_id`) ON DELETE CASCADE ON UPDATE CASCADE
) ENGINE = InnoDB CHARACTER SET = utf8mb4 COLLATE = utf8mb4_0900_ai_ci;

-- ----------------------------
-- Records of customers
-- ----------------------------
BEGIN;
INSERT INTO `customers` (`customer_id`, `email`, `phone`, `fullname`, `password`, `photo`, `role_id`) VALUES ('CUS001', 'john.doe@example.com', '0367151727', 'Cao Hoang Anh', '123', 'https://example.com/profile.jpg', 1), ('khai00', 'khaikhai331@gmail.com', '123456789', 'Phan Hoang Khai', '123', NULL, 0);
COMMIT;

-- ----------------------------
-- Table structure for order_details
-- ----------------------------
DROP TABLE IF EXISTS `order_details`;
CREATE TABLE `order_details`  (
  `order_detail_id` int NOT NULL AUTO_INCREMENT,
  `order_id` int NOT NULL,
  `product_id` int NULL DEFAULT NULL,
  `quantity` int NULL DEFAULT NULL,
  `price` int NULL DEFAULT NULL,
  `address` varchar(255) CHARACTER SET utf8mb4 COLLATE utf8mb4_0900_ai_ci NULL DEFAULT NULL,
  PRIMARY KEY (`order_detail_id`) USING BTREE,
  INDEX `order_details_ibfk_1`(`order_id` ASC) USING BTREE,
  INDEX `productid`(`product_id` ASC) USING BTREE,
  CONSTRAINT `order_details_ibfk_1` FOREIGN KEY (`order_id`) REFERENCES `orders` (`order_id`) ON DELETE CASCADE ON UPDATE CASCADE,
  CONSTRAINT `productid` FOREIGN KEY (`product_id`) REFERENCES `products` (`product_id`) ON DELETE CASCADE ON UPDATE CASCADE
) ENGINE = InnoDB AUTO_INCREMENT = 19 CHARACTER SET = utf8mb4 COLLATE = utf8mb4_0900_ai_ci;

-- ----------------------------
-- Records of order_details
-- ----------------------------
BEGIN;
INSERT INTO `order_details` (`order_detail_id`, `order_id`, `product_id`, `quantity`, `price`, `address`) VALUES (29, 23, 13, 1, 57, NULL), (30, 24, 13, 1, 57, NULL), (31, 25, 8, 1, 32, NULL), (32, 25, 9, 1, 24, NULL), (34, 26, 7, 1, 32, 'aa'), (35, 26, 8, 1, 32, 'aa'), (36, 26, 9, 4, 96, 'aa'), (37, 27, 13, 4, 228, NULL), (38, 28, 13, 1, 57, NULL), (39, 29, 11, 1, 48, NULL), (40, 29, 12, 1, 54, NULL), (41, 29, 13, 1, 57, NULL), (42, 30, 13, 1, 57, 'ok'), (43, 31, 1, 1, 90, 'Giao dien quan massage'), (44, 31, 2, 1, 40, 'Giao dien quan massage'), (45, 31, 13, 5, 285, 'Giao dien quan massage'), (46, 32, 12, 1, 54, 'vip'), (47, 33, 9, 5, 120, 'giao den quan bi om');
COMMIT;

-- ----------------------------
-- Table structure for orders
-- ----------------------------
DROP TABLE IF EXISTS `orders`;
CREATE TABLE `orders`  (
  `order_id` int NOT NULL AUTO_INCREMENT,
  `customer_id` varchar(255) CHARACTER SET utf8mb4 COLLATE utf8mb4_0900_ai_ci NOT NULL,
  `order_date` datetime NOT NULL,
  `total_price` int NULL DEFAULT NULL,
  PRIMARY KEY (`order_id`) USING BTREE,
  INDEX `customerid`(`customer_id` ASC) USING BTREE,
  CONSTRAINT `customerid` FOREIGN KEY (`customer_id`) REFERENCES `customers` (`customer_id`) ON DELETE CASCADE ON UPDATE CASCADE
) ENGINE = InnoDB AUTO_INCREMENT = 17 CHARACTER SET = utf8mb4 COLLATE = utf8mb4_0900_ai_ci;

-- ----------------------------
-- Records of orders
-- ----------------------------
BEGIN;
INSERT INTO `orders` (`order_id`, `customer_id`, `order_date`, `total_price`) VALUES (23, 'CUS001', '2023-05-15 21:27:43', 57), (24, 'CUS001', '2023-05-15 21:28:50', 57), (25, 'CUS001', '2023-05-15 21:32:43', 56), (26, 'CUS001', '2023-05-15 21:33:21', 160), (27, 'CUS001', '2023-05-15 21:38:37', 228), (28, 'CUS001', '2023-05-15 21:42:08', 57), (29, 'CUS001', '2023-05-15 22:24:25', 159), (30, 'CUS001', '2023-05-15 22:25:40', 57), (31, 'CUS001', '2023-05-15 22:41:57', 415), (32, 'CUS001', '2023-05-16 10:04:28', 54), (33, 'CUS001', '2023-05-16 10:06:32', 120);
COMMIT;

-- ----------------------------
-- Table structure for product_details
-- ----------------------------
DROP TABLE IF EXISTS `product_details`;
CREATE TABLE `product_details`  (
  `product_detail_id` int NOT NULL AUTO_INCREMENT,
  `product_id` int NULL DEFAULT NULL,
  `image` text CHARACTER SET utf8mb4 COLLATE utf8mb4_0900_ai_ci NULL,
  PRIMARY KEY (`product_detail_id`) USING BTREE,
  INDEX `productimage`(`product_id` ASC) USING BTREE,
  CONSTRAINT `productimage` FOREIGN KEY (`product_id`) REFERENCES `products` (`product_id`) ON DELETE CASCADE ON UPDATE CASCADE
) ENGINE = InnoDB AUTO_INCREMENT = 12 CHARACTER SET = utf8mb4 COLLATE = utf8mb4_0900_ai_ci;

-- ----------------------------
-- Records of product_details
-- ----------------------------
BEGIN;
INSERT INTO `product_details` (`product_detail_id`, `product_id`, `image`) VALUES (1, 1, 'https://media.foody.vn/res/g7/63604/prof/s/foody-mobile-pho-co-gia-truyen-han-thuyen-ha-noi-140312013345.jpg'), (2, 1, 'https://cdn.alongwalk.info/vn/wp-content/uploads/2022/03/10223007/image-top-10-quan-pho-ngon-o-quan-10-tp-hcm-164690100714511.jpg'), (3, 1, 'https://d1sag4ddilekf6.cloudfront.net/compressed_webp/items/VNITE2022021907451144733/detail/menueditor_item_0afb4c58cb904557aa421c23aa87d956_1645259828713679129.webp'), (4, 1, 'https://bizweb.dktcdn.net/100/442/328/products/pho-bo-dac-biet.jpg?v=1644836498627'), (5, 2, 'https://file.hstatic.net/200000395159/article/nau-bun-bo-hue-chuan-vi-tai-nha-voi-cot-co-dac-quoc-viet-foods_59b7ba1543004e67967af718d8afc32b.jpg'), (6, 2, 'https://nethue.com.vn/uploaded/tin-tuc-biquyet-1.jpg'), (7, 2, 'https://image-us.eva.vn/upload/3-2022/images/2022-07-15/image17-1657848870-390-width2046height2048.jpg'), (8, 2, 'https://cdn.tgdd.vn/Files/2021/12/07/1402987/bat-mi-cach-nau-bun-bo-hue-mien-nam-chuan-vi-hut-hon-ca-nha-202112071424488388.jpg'), (9, 3, 'https://product.hstatic.net/200000078749/product/13873-l_bia_sai_gon_lager_loc_6x330ml_dc3444d2c4e2418795fc6f6dc6f3bd7a_cfa3a8638068417597397c9cda6d7b2a.jpg'), (10, 3, 'https://www.sabeco.com.vn/Data/Sites/1/media/thuong-hieu/sg-special-cm.png'), (11, 3, 'https://1.bp.blogspot.com/-DohN1sB9Zc8/YIqwz3BuJKI/AAAAAAAAFTw/fi0N7ekn-pId85WdlndKPsr6s3G8TelQwCLcBGAsYHQ/s839/bia-saigon-chill-46-thung-24-lon-330ml5.jpg');
COMMIT;

-- ----------------------------
-- Table structure for products
-- ----------------------------
DROP TABLE IF EXISTS `products`;
CREATE TABLE `products`  (
  `product_id` int NOT NULL AUTO_INCREMENT,
  `name` varchar(255) CHARACTER SET utf8mb4 COLLATE utf8mb4_0900_ai_ci NULL DEFAULT NULL,
  `price` int NULL DEFAULT NULL,
  `description` text CHARACTER SET utf8mb4 COLLATE utf8mb4_0900_ai_ci NULL,
  `discount` int NULL DEFAULT NULL,
  `image` text CHARACTER SET utf8mb4 COLLATE utf8mb4_0900_ai_ci NULL,
  `quantity` int NULL DEFAULT NULL,
  `category_id` int NULL DEFAULT NULL,
  `supplier_id` int NULL DEFAULT NULL,
  PRIMARY KEY (`product_id`) USING BTREE,
  INDEX `FKej2ob3ifydf846t2a2tntna4e`(`category_id` ASC) USING BTREE,
  INDEX `FKs2xbxi7wmu948op6qiho9yr8d`(`supplier_id` ASC) USING BTREE,
  CONSTRAINT `FKej2ob3ifydf846t2a2tntna4e` FOREIGN KEY (`category_id`) REFERENCES `categories` (`category_id`) ON DELETE CASCADE ON UPDATE CASCADE,
  CONSTRAINT `FKs2xbxi7wmu948op6qiho9yr8d` FOREIGN KEY (`supplier_id`) REFERENCES `suppliers` (`supplier_id`) ON DELETE CASCADE ON UPDATE CASCADE
) ENGINE = InnoDB AUTO_INCREMENT = 14 CHARACTER SET = utf8mb4 COLLATE = utf8mb4_0900_ai_ci;

-- ----------------------------
-- Records of products
-- ----------------------------
BEGIN;
INSERT INTO `products` (`product_id`, `name`, `price`, `description`, `discount`, `image`, `quantity`, `category_id`, `supplier_id`) VALUES (1, 'Phở thuyền', 100, 'Phở là một món ăn truyền thống của Việt Nam, có nguồn gốc từ Hà Nội và được xem là một trong những món ăn tiêu biểu cho nền ẩm thực Việt Nam.\r\n\r\nThành phần chính của phở là bánh phở và nước dùng cùng với thịt bò hoặc thịt gà cắt lát mỏng. Thịt bò thích hợp nhất để nấu phở là thịt, xương từ các giống bò ta (bò nội, bò vàng). Ngoài ra còn kèm theo các gia vị như: tương, tiêu, chanh, nước mắm, ớt, vân vân. Những gia vị này được thêm vào tùy theo khẩu vị của người dùng. Phở thông thường được dùng để làm món điểm tâm buổi sáng hoặc lót dạ buổi đêm; nhưng ở các thành phố lớn, món ăn này có thể được thưởng thức cả ngày. Tại các tỉnh phía Nam Việt Nam và một số vùng miền khác, phở được bày kèm với đĩa rau thơm như hành, giá và những lá cây rau mùi, rau húng, trong đó ngò gai là loại lá đặc trưng của phở; tuy nhiên tại Hà Nội thông thường sẽ không có đĩa rau sống này. Phở thường là phở bò hay phở gà, nhưng đôi khi cũng có những biến thể khác, đặc biệt là phở sốt vang, phở khô, phở xào, phở chua, phở vịt ở Cao Bằng, và phở thịt quay ở các tỉnh miền núi phía Bắc.', 10, 'https://d1sag4ddilekf6.cloudfront.net/compressed_webp/items/VNITE2022021907451144733/detail/menueditor_item_0afb4c58cb904557aa421c23aa87d956_1645259828713679129.webp', 100, 5, 1), (2, 'Bún bò nước lèo vị trà sữa', 50, 'Món bún bò truyền thống với nước dùng thơm ngon được các bạn trẻ mua về, nhưng họ chỉ sử dụng phần bún và đồ ăn phía trên, còn nước dùng thì được thay thế bằng ly trà sữa trân châu kế bên.', 20, 'data:image/jpeg;base64,/9j/4AAQSkZJRgABAQAAAQABAAD/2wCEAAoHCBYWFRgWFRYZGRgaHB4aHBwcHBwcHBweHBoaHBgeGhoeIS4lHB4rIRoYJjgmKy8xNTU1GiQ7QDs0Py40NTEBDAwMEA8QHxISHzQkJSs0NDQ0NDQ0NDQxNDQ0NDQ0NDQ0NDQ0NDQ0NDQ0NDQ0NDQ0NDQ0NDQ0NDQ0NDE0NDQ0NP/AABEIASwAqAMBIgACEQEDEQH/xAAcAAACAgMBAQAAAAAAAAAAAAAFBgMEAAIHAQj/xABDEAACAQIEAwUFBQYGAQMFAAABAhEAAwQSITEFQVEGImFxgRMykaGxQlLB0fAHFCNicuEzgpKiwvEVo7LiFiRz0tP/xAAZAQADAQEBAAAAAAAAAAAAAAABAgMEAAX/xAAkEQACAgICAgMBAAMAAAAAAAAAAQIRAyESMSJBBBNRcTJhgf/aAAwDAQACEQMRAD8AJ4zvyobWOdBLlh7UEgkCQWUTAOu1V8NxM+1BOxEUat48VjjJxPRlijLoqYG+/tbTHLcQsFD7OmbQd4e8snVTTK40NCbaIXDDutIaVgTBB7w2PnvRP2wJitMJKRmyY3ED8ddVVCxjVh56Ax9aVeK2HsOYPcbvKeRBEg+BykU38euFLaMsaOAZE6EN+MD1r18CMThkYRmAKkHVTlJAB/A1z0yU48oo59e4rcjSPUCh9/HXH95tOg0+lGuK8EKGCrL819DVPDcJZjopbzGnryockSWN/hSwmDL99tE3JPMDUnyoHhR3hpm8Oum1dJv8OKIFJMsJYjoPs+A/PzrnGGYq4YfZP0poux6om9nbzd5XTw6fHWrmGspP8Oy7nqwAX4nSi2Dvh1DRrsRV1E0mmOFriaOCM5Exoq+6o/E0T4Gn8Jj95voKp8Y7z68hRbhVuLa/H47fKKlMeJou5PhUhGoHQfhW1xINQvd75FShHyKWGuEWu6zRuQPhqfqKacBwx2Ev3R0+0fyoV2Nsl5JHdTbxYmZPkIp0SKEpb0aceG1ykR2sMiCYgAeunjSxxTFZjl/zH12mjPFsZClQdxHzpVxL5s0buwQfJRSpHZavihy7KWQtgPzckk+sD5V5Vi02S2qDYACspJdjxho4+LpJBBohZxRHOgASNiRVrCuwYZwzLzywG8xOh8jE9RvVKFsZeG4olxrTLbuUoYPC3BNy2rXEG7Ipkf12/eXnrqumjGmDCszKrAEyoOgnlVIIEtom4pD2HU8oPwYGrPY6+rW7iTOVg3ow/NTXmHwBuBkfQP3dfGi3CezhwzO2kMsGPAyPx+NVM8qSaK+OShDrBo5jkmYPzpUxV24Hdc8AbaA6ET0knWklGySZPxV4QjSSDA57anyFcjf3mHifqa6gmH0JYlieZ5j9cqQsTwxi7Mp3YnXxNNDQsj3g10AkE0cfiFsCMwLfdXvH5bUCw+CcHVA3nFEkwrsMoAQc4GtUtAB4Q3LnhMkdPM00Ye3AFRYLhoQQoOu550Xs4Nvun4VKWwoF4i1rNBc/fY02Y/DlUZiIgUrJhXYjIjNP3VZo+ApIqrZaKsduyV/JaytoWJYeIo++PEb0v4vA3BYTIjZ0AIAB9RVAYXGOBFhx8B9TUn2b1Ko0EOKYsGW8I/AfrwoXgHz4mynIEufQafjVzHcKvnui0522U8v0asdmez19LzXrq5BlyqCQW3GsDYaUXSRnVuVsat69rdlisqPIvYkYTseggvdZvBQF+s0wYTh1m2vctrIG5GZj/mOtVHxcVo/EgKLbZPQZTFageE1s2L5DUnQeZpfw+Nk+IIX0IIHzAqZsXznY/Q6UVaZyaD4wzN77R4D86vYfEZQEk5ehNAm4muhnlUQ4pmdVQFmJ0ABJPoK0Ol0Ce47C+OSDMaHmPxHXTlQPE4dCxcq7HplYDTzAHzpsucOdraEBS+XvKxIBnUCRsR6jTlS9xHD3lmLDSejAr8j+Fc+Rk0L/ABC/AOkdB0oNZwsietEsThLhMujeUGKsYPAu0AKfhRimLJoJdl8KGBDqD5gGm+xwi1HuL8BVLgvDci7UwWUqsUAHXuHWkXMVAA8BQwup2Cj4TU+KxUsc3X4VB7VWMGKlKTb0asWKPHkzUovMA+dbqKq27mlbe1FZm2zQqXRbAqZBFU7d4RUwvUAuRaz1EzVGL1avfAoMSzGrKhNwmvKWhrOe4zFknSqwxLV7asM5CqpZjoAAST5Ab0ew/YvFMslFTwZhPrExWpQMspgSzjCG8CQT6VOmLM60f4R2UZpZ0W4FJQr7UoAymGkhCSPIijlzgKRJw6WpAByXGeY20ZRB31mmUBfsoWOGYd7zZUQHTUsxAHw/Knns7wK3ZAuQGuGe9EBeRCDl5nXy2rTAYNLY7o8zV2xfugQltHUE6s5UzvEBD1608YpCyyOSoJLA9axlBqiMRf3Nm2B/+Vv/AOdUcVx8p7y2j4LdZj8rdPaROmybiqkZVRFZ3MKG90QJJYjkBJ9PSqiYfE2SHf2dxJ72RSrpOxH3hP650OxHamXVxbgpP2pBkEayoiJb4iqL8aLglkZnP2jdYAeSARHhQ5I7jL8H22AQCNQRIPUHapVpKwXaO8iIhtowUATJBgbfKrY7WsPesD0f/wCNd9kf0PCX4X+KcHdmLWyuuuViR8DBB+VK7vdBh1yEffIB+G5o1/8AVzE6WI8S5gfBDVteJvehcmGbqrXST6K1uaRqL6ZaOSUVTWhTfGhNyKjHF05mlHtLinOKvZO4odlCIZUZTlOXQaSCdhvRXsZwe7ibocpnt2zLh2Ko5jRM2UzyJEbDXcVN4h1mQft8VU86k/8AKKOdA/2iYd8M9pktJZV1YQjF1LKRMyogww0FJX/lbp0kfCg8bO+1M6iOKg7GrNh83eJ/XhXK7fFri7wfl9KaeDcSuPBUSPEgAeFJKFDqQ7hwup3Ow51lVMEQDmZgz9R7q+Xj41lToayHsj2duJcS/chVUEosyzZlIBIGwgzrr4U8zWtZNeilSMEpWwd2f9xz1vXT/wCo1XMd7h8CD86G9lTNgnrdvn/1rla8S47bDiynfZjlJB7q69eZ8KGkgdsla5AofjONPaGREBLScx1jYbc9qkZidqpYywhKF3KgEyF3Mxz5bUrutDRq9g65jbtwnO7NyiYGvRRpW6cHxD6KjAdWIUf7tfhRdMdat/4SBT946sfMnWq17jDtuxpONu2PzrpESdlH0L3UXqNW/AVZTs1aHvYifJI/5VUGLJrdbzHUAx5V1IHOQRt8DtgQL59UH516/AZELeQ+akfQmqdvEmrCX6DjFnKUkQ4jgd4L3VDD+Qg/I6/Kl/HIwJV1II1hgVOngacrWKI2Jqr2m4h/9pezgN3CqyASC0KCJ2IJmuWNegrK/aOWYbvXFkA5nBIOoIzZiCOhg11fhPaawQEZBZjQQO56R7vqI8a5t2Zwhu4hUWJhjqYG0an1o5xDhz2jDqV89j5HY00pOLOjFSRJ+0m6t+6iBpW2k6GQWeCdv5QnxNKPDuzRZgXlA4zISPeEkEj1BqxfuTJ6/oU8WMZh8XYRLfduWVGVGjNCqAQD9oGBr1AmmezoNKWxA4r2cKKSjZgKB4G+6E5T5jlT++DxF8ZFUISD3nMDTloCefSknFYUo7IwhlYhh4g61J9GiTjegvheMMBoSPDlWUIS8vMVlJQln0NWjsACSYAEknYda9JrmnbftObhNiy38MGHYfbI5D+QfPyrW2ZFsrXu1bJZ/d7fd7zl3B1bPcdoXoIYa1pwFHuupXRVIJY7aGYHU0vYHCFzJ90fPwH502YC5lGUaDoKk3vZXpaGh8TG1BuK3Dlnxq2W7k1RxQJU0zehCg2NVVzO4Uchux8lGtVuIcdRIFnK5InO0ws8svUeNAeI2nFxyVMN7ragRoDHpII8a8w1oQysjGPeIMFSR3RsQNo15mikcM3ZzjJe4bd4Kx1ggDcDUaaHag3G7uJzs7l7YLDIssAF1IgAwIAE85NE+ynDlE3ZlgxXKRGWBv4kgj51b7T4hEQu6K/JVYSJOxg8qhKaUqWykY2rLXZfFFrU3SSZhWYGWXcN/fnFX8TxS0hhnVWOoU8x1OugrnGC7R3kcd7Op3BEbjWI1018NKg4njvaXGcjUjQbRplXbpA0pfqk5O3SCpRSOr4fHoRuDO2XYnwnlQftnix+7AAyHcCeoWW+oFLXZLijoChggn7QmJifQxUvbi8w9ihgAKzwu2pAH0NCLlHIo9nS4uNon7C/4+fzHypw7b8UCYNkME3GVFkTH2mI6GARPjSd2KUggxpqfjXnb/iGa8lsHS2sn+p4J/2hfiaspqUmhHFpWB0VnU5QTAkwNh18qorddGDoxDKZBGhB8DXQP2cWMrFyNcv1P5VF297IhEbE4Ze4NblsfY6ug+71HLfbZmr2dF+gZwztY9xkDkZwGE7B5AjTkdK84vh0vnOZV/vDnG2Yc6RLl3XSmHhXFM4yse+P9w6+dD1sL07RjcKcbOhHjI/CvatvcrKFIPJjt294/kT93Ru+475G6oeXgW+nnXOcNZztHIbnw8PE15j8U9247uSWdiT68h9KLYHDZFjnufP8ht/3TyZOJPaQACBH4VZRoqGY1NXeEYJ77HKpaAWIGugqTY6QUw7sUEjz+NUL2K7rlfsgn4CaNondykQVER8T+NDv3QCRGhkfHSrLrYj7FLFWrjsxRSwInQSQImPADefCpcLwS49vPbcbQ6yVMjWIA10g60cw2iKIgga66x731r27cbXMdSZPKT49ToKk50OoNmcIsizbKsSWJzd3aTAgty2rTidlb6ZHWBoZBObTxJ8+Ve5/+qkmem3jUJPdllFIV+K9nkAU2mhjyY6EeZ2oTf4bfQLnDRqRBzZeug2p+TCq0uwJYe4OUADruJn41ZHCDcXOCBpoPET+vQUyzNaElBALsNbtOz5k7yxqdQRr89DQ7t3eD4tgPsKifLN/zpk4fjEtXGLmfsqAPDvDT0+NLePwLPj2QSQz55/kMEH0GlGDtuQuqocOzGE9lZDuI7uY+AAk1z3F3zevs7fbYsfAHWPQaV0ftTiBbwbKCAzZbY6kH3v9oPxpI4Jw1nMgdAfWT+VDHpOTGltqI/dkQMhMRrTXYuR5c6XeG2hbAC8htRjD3Jo4syloWcKOU/tG7J/u1z21kfwLh0A2R9yngp1I9RyFJFu4VYEGCK+kcdgExNl7FwSlwR4qd1YeIMH0r584twx7N57Tjv22Kt49GHgRBHnWgRMLYbFB0DD1HQ1lB8FeyN4HQ/nWUKCGOHWcz5uS6+v2fxPpR9EgVS4ZZhAfvGfwHyHzokwgUsnbAiniCSQop/7Iq1iy7qks0amdhy+J+VL3ZPghxF4Zgcg7zHw6eZ2+NdMxdwJ3QsLI22EEU6j7Ob9Ctj8RnckaAAAAeUn5k0KvHejfGEBuuRsYP+0UNbDgCk5emPQvkkA61jvtIGkdNR+jUt22JKjVgTpprHIdTVQERJMec6eGlRZVG5kgRr+prZHA3j0HP8vyoQ/G7SuULMRzIiND6T5xRvhuENyC+iHYA7/1EUsk0dyRZtAiIEk6jf8AUbVe4LceGz+6D3dtesEbia2u20QaAmfP4a/hQS/xh3bIoCLrruTEyAPsrp73PlUI3dsSTvosDAK7Z8w1cnLzMaST6TUfGsW9qLioukZmgaA6R6kqIHWoSH9iSsK7S34ga7aVpj+FvcsIXcuujHLHdaNQd8wGtUjK5f6A1XoE8f4z+8hMoIAGoPJiYPmIAp07LcP9nZWRBIk+vI/KhPDezKKFJOcjvdBy2HpTUrQsUZ5opcUPGEnsUOLPeTEwpYKxULG380j4044BAogefj+hUDpI2rXCBgRMzPWpuadOK6HUdNNh602lI/7TuCZ2t4lRqw9m/mJKH4Zh8KdLTVrxfC+1w11NzlzL/Uuo+lboSuJlaqRwa9gYrKY72FBrKXkV4jBdwQRESPdRR8hVdrM6UY4kvfbzqtYt60ZOhIqx07HYIJYJ2Lt8l0H40atYQDMCSwbryrThy5baLEQo+mtWGA+1H/dXS0Tk9grjOAQpI0ZRI03HQ0m3LwtkFydTpppME6+GldCxDHRliI101rn3aW6HeMpMsRlA3OwHhUM1R2PFtqkKWPvZyqL3Dcfu84E6HyEj41eu2mdCHJziQG2zHYB5GomO8Nes0cFgIoV3RCfdAIU+mgk14/B5OcOzGIIbUefh8KzKbl6obfs5VxDCOhKOCOccj0I6iJ1pu7MPcNuCxTNOVoEgAaETodau466lohLqTDMQDErO5Wes7bGvcDdz3s21u2C0kZS/3YUicvP086eWS1VBiq2MeFKBmBMuiSS2uUMT7zHb3T8BQY4dC7FEgamYgnx8B0FWeHcPuOpa8cods+QbxyDHmYgeEcqJW8BbHdBnwzCflUaZyabF3HW8tvKAToE8SCY9TBifCp8MzoyMcwGWTIOU5tYPLYL5H1olj+Hq8ZdCpmDsdQSPDbSpr+V1Cq3u76GANp8dTHpRUW2O2RW+44y+44lddo1K/CTHgaIZqXcdcypB219ANat8PxwIAb0MzNTnD2Ui/TCTNUlp8pB6a1CrCs5k1LfopQTsE5tIgEj56R6USw+/np8dKF4ZySOhUH/jP+00RsnUVv8AjPxMmZUzmuPsBLjp91iPQEgfhWVt2tSMXeAE94H4qp/GsppR2Ui9B/ii99qhwiiRO01e4qnfbzodj3ZLYdADB1HMgwAR60MsuPZKB0K/ibalULZSVlTyI2Her32Z57/X1pKbEZrYUktpK66qdMwHgdfWKL4Hi7ray51DgiM8kZecEDenh8iLexJQaDHEr7WreYHvGFHhufwNJVhw18H7qM076kgT5wTRfjPGQyEtAy8hqNdzPwA9aXODXVLM22YwPIfr5Vnz5U5Kuh8aoCY25bvXHd8xPLunKANtRyAonYxVy2iqHzBtVbeB0mTO4j1rL1rJnVgoAK5NIkakT1PKi3BMKNVYaADyzESwHhqPnWZOTlxi9nZXJ6Fy29y7eRyCxBKmRK6iPADkaN4bCZWzPlIXYLJljtv0/W1Gf3dEQkAACdPKgT3PZWbjnXLnYeQEj9dZq6Tjp7JxtRps14xitIa77NToAIzt15/QevSva4cqRoCPeneeepPOgf7m1wiSquYLHKDccHcs/IDQZRprvpTRhrQRAs6HYdPL9b0bXY8Xqylj+ItbKAa5pkeAA2PI61Y9qzCbZMMJI5/rWqGNUN3D7ysCvnER5HSrFkgZGyuWy6BYGpAmSeXhQjK1aHjJPoy9gGFt3uHUjKq+LdfGMx9Ko4aFkR5cootbx7E5L1srOgO6nz6fraq2Nwq21dyJQKTHMHkPHXnyo2mMEeHXwRGvmai4livZKSNSZ32mJFDezWJd0bPsNjt1mjKgEQdajXGW9otyuOghwO6z20ZhDZT8A7kfWjlqhuBQDLHJAPizn8RRXDrJFbMLT2tGbJp7Od9rnH75d/y/+xayh/aW9nxt8z9uP9Kqv4VlO1saL0OmKcXEt3F2uIrD1UGqSYfOYJMDWOVVuxmLF7AhZlrLFD1ynvJ6QY/ymiuGWG89KXPG0Tg9kSBQ47sgCTqfXXlXl9FElWJBnQ+8PlB9PlVjEDIVIiDofyqk6mdIiYnw3+PKsE3xVMtKqBXEnaAsbyT4DZR56V4bQQIZyx3gAC2u/iYojYu2gSzksZMIqgnTqzaVrjOJg5SmHYEc3I1HQrrSUnFOxI+LLAyuAYBkfP8AX1qJeKhXyW1zme8ZgA/2qnxniAZYtpkcr3gp7keJHunyM0uYrjL2UIRVzxpPeInQMRyE9dzVMe5Uu/0XI03oaO1XGMipathmd2QkKCxVFcFmaNgcuX1PSo8TczWmBHJgQR4TqKRsHxLEtcAze1cmJU+9EayBEAEcoo9x3Hi2igvDGQwiSNASNNveB16itOSL0hE0iO1ic75kO7DNpDRGvoI0nrTHbyuVCtMST8vzpP4Bike5ERPd6FlaBMcpOnODFMmAwzWneSImQeeXfU8zUmmtPQFJ8aK3GIF0mYyx9ATVzheOVnC8tgeXjBoDjMYruRmBLkwY0g6bnSPyopgeHZDndwSPdgRqf+9hSRT2xcTaY2vhhEk/hQbi5dCoQDK2mswNtz01+tG7FxiozHU9P1NV+LYQuhGx6nX0PSu62a0JPDOOuXAfKFfZQCCByM8xpW3HMSy3xlYxlQoBscyd4z1DAj0qpxHh/wC7qzhWDExmBGUa/dj3onnzrfgrO1wJnzgx1Om/PY9a1Ljxc0vXQrtOmdB4CjZFLEkuFYzyEA/jTBaMAk7AE/AVTwdrKoHhVDtpxD2GBusDDOMi9ZfQx5CT6VTDFKOieSXKRzZX9q73PvOzf6iT+NZVDhjmsppJ2Uj0EP2dcVFnE5HMJeHsz4N9g/Elf89dKvWMrEVw+yNdNPEb+ldp7PcS/esMrt/iIMrjxA0byYa/Ecqaa5IgtF22AyMCBO48xr9JoBicJeVQRlIJk+W+3MRRt7bZlZTGXX5gx8vmaluxOo7jaEfjXnZIJvy9F++gQ6Wjb74CjcldI5ExWl/Ch0zWcl1lEEFijCdYIAknwMURfAKgGhYT7wiQPEc9/lS7icr3mfK5aAMoVQNNJDncGBtzFLJRWmicl7APFHuKrnIEYQIUsNScuobYiZHl8RWKsOzBCqAuCCEzRMiXdm973T6CKauIsQkOznMwVRcIYrAJ7jr3vHUkCNqgwWEzsuRSshp7wMmdZ7o/ITXY8vBNRVkH2AsZxBMInscMBnjv3CAY8vvNr5DbyXWxAc5XOYudXmWBOxOuo2kbx5V0K92SLrDkqCZkZSZ6jzFDr3YZEYOru0GSDGvwGlbMeVS/yVMdbF/hWM/dm78OyyFXdUJgMQ3UgDYchryprwvGDiciWEOcCXJEgZTqP5idPQ/BJx1h0ZkZYIM6gTpMQehnlvp0ps7JeyS6ER2cuJMiIETBjn+VDNGNcmNELcI4Cc/ftgBQesasWEeAmNaL4zDW7YzBVAXUkTy1J3qfEcQRAWc6DcQSfQDWlniGPfESERxbnSVILRtPQaTGpNQUtAaaGbhWLR7auoOYyTO4k6iNt6v3CCKRP/KPYRUVAknVnZS+p1bINh5/CpcXx2+EIUqTHvhToJjMdY5j41SMW9FE9WEONqjk22AOxOsQeW3pU/ZvgCo4fQwJHOJ29fzoT2c4e7MXY5w0HMZmfE10LBWAqilUZOfGL12yjlUbZPZt1zH9qfGA95MOh7toS39bDb0X/wB9dD7QcWTCYd7z7gQi/ec+6P1yBNcCxOIZ3Z3OZnYsx6kmTW+KMzYV4akiaypcLoorylfZaPQMsjWmnspxNsPcDiSpGV1+8v5jcf3oTjMGA+YbN8jW2GEGOtBsWKtHZ0KuodDKMJBFRm1OkE86SOy/HzZYo5LWyYI5g/eX8RzrodkqwDoQyHUEVPJjU0cnxZRu38i6kRtQa84eQh3kAiJRt8pBHMaiRqJ2ii/GsBnU5TlaZB+s+lBbiIhyLq2mcxuTqJ8BWLJyjqXRRKMkVOI2Qtp2u6hQToIJ8uhMAUM4Tw04i0rh2DrmCQYAkkx1B1+EUY7R6W1X7x+QE/WKo8Ow5RVCAqW72jcwQTHLXl51ljNIzyhewbh7zJc9k4ZdxMkHOToRHppWy8ULMyl3Rlbc7HpptBEaGjmLtJf7zjI6soV8wIbUGDECTqNtJ9KrYy3DCEBGX3SBAI21jQa9Y0oymk1t7ESa0VMdcW5CtbBkakjbrqNq24NYVG7qJovvCA8GdNtRvzqq6MX7rHIIGikoTzgclnY86841i1w6Qpz3H000yrqJ8OceJqmNzlJRbux42nsN2biXVV1UwwkT+ImqvFcL/DZQ2VmBE5ionx+lK/Z/jD2XCP8A4UwVA1SftIRr4858zNNvHMeiouRyWOisgzEaE5iTpGg8a2PFUkqsonaFAcOuuI9mVZCCWMgtyIkmBuDp4+FGLXZ8FFzuwI0gMIjkAMpJq3w5Ll1HBUarE9WOhOY67a03cB4MLay5LOdyfjpNPznJ0tNCJaIeznBvZJEkzzOhjl5Uw91FLMQqqJJOgAG8mtgoALMQFAkk6AAb1yPt92z/AHmcPYJFgHvMNPaEf8Pr5b6IwrZzlYL7c9pjjL3ckWbchB16uR1PLoPM0AwVnM3hVcLNHeFWhzp26R0VbLVu1tWUw9mOGe1uhj7iGT4nkKyuS0Fy2Crq9dqh/dzBjerLAzW/BLYfE3FPJE16SWjz51JpvoEJV2V7abaRyph4Bxd7DZV7yE95Tt5joaoY/BvbbvDyPIjqDXuFYnWpuTRo4qSOlYXGW7y5kbXmDuPMUMxdiXzabax8INKKXyvuMVJ0MEjTpRjDdoyqC3cQEad5YBH9SjQ6cxUc0fsTEcXHo94/bdsoUAqAS3hqAKjTggDBVeBAYa66jXT41awEYhiFdT6wY8VMEfCj6cKA1bXlA2A8qy4vjzk7a0cpJKmL3EsNaVD7RgTIO+piY7o3OpobisMmQBYAbUSRv0E+B286cH4RaJkos+VeX+EowjKB6Cjl+HOW0JJxkJxDeydQ2rCFMQQTpA60BvdnbiAjJnbNOcZdVI1DKRmmfGN66Jb7OWw0nXwAAHqd/nV7/wAUkQCy+Rn60cGL5GJaSf8AQVFexB4b2YRoLAgDQ5jzGhieVHnwiggDKSNjpA8qYU4OPvH4CvMQmGw49pedEAHvOwHwnn5VX6s035a/6HnSpFHhnDTzn6egH40S4lxGzhrZuX3CIOu5PRVGrHwFI3H/ANqVtAUwaZ22zuCqDxCe83rlrmXFeL3sQ5e87O/KdlHRVGijyrdDGoKkI3Yzdse3FzFkokpY+79p/G4Ry/lGnWeSfM14rVZw2GLmBVG6OSJMBZzHwpkwOELuLKCXIk9APE1DhMKRlRBmc6afh+ddB7McCFh5aC7JqeneEgUi8mNdKkGeC8OWzbVF9T1PM1lElFZV9EzirYi5/J/uP5VWUXc+cXAjwF7ikSAZhpbUfCrRrUis4tlriPbJkUI9hGU/aAI+HekH41Pw3iCXVBUgOeWneHUePhQXF2FdCrbfTxpUW4UYAk5QZHn1FdKCl/SsMjidUya8wflWezygz6fnNJ/Cu1txDkufxE/m98eTc/1rTbhOI2b3uPJ+42jj05jxFZ2pR0zTGcZdAzHIAufUHkeYPmNRUXD+1mOtNCYguv3Xh/m3e+dE+IYPMIgjn60Mw/CMhJJk6a9KMZV0wuCaDtr9peJQfxMPbfxUsn1zVbt/tWT7WFYeTg/VRS3e4YzKT+FAsbwlgYAOv05VaM7Iyx0dCf8AavbG2Gb1dR9AaHYn9rdw/wCHhkXxZ2b5BV+tc4u4BxyNR/uzjlT2T4jVxH9omPuyPai2OltAvzbMw9CKVcTiXuNnd2dvvOxZviTNeGw3SvUwjkwFNGwURq1erJ2q+nBrgnNp51aQWk277fL486Vv8OquyrheGOwk6CrhuZFyoY6sN/8AL+dR3MSz7nTpyrSa5K+wOX4FOEcbuYYkoELfeZJPoZq6/a/EO4YsNNgBljfYrB5ml2tlFPV6E5NDZb7cYoCA49Qpj1Kz8aylaayiDkw4a1IqybU14bBqVHAXi16FCjdvoKCYi1mWOdEOKnNc7uukfDeqomu2mMgSHMw3LrVxIkHVa1xOHLCY1HzH51phsRyNO9qwpjFg+0GJtQA4dRybX4E6/OjNntmjCLtkg9UI+hj60lFxyMVjXYGpB+tReOMvQ8ckl7OjYftJhCPfKzyZSAPXatb2Nw77X7Z5aMo09fhXLbrNMwQOVRSSaKwJex/ukdSvizGrp/rX86o3Gww7xu2/9QNJNi3oOdQ4m6WOUbfU0yx77FeVv0OL8Twg0DFyPuqfq0CoBxkMJtoFExLQT8tB86XLVrKPrVjAHuH+o/hTUhXNnnEcY7sc7k/rpVEX2BmalxKyxqEW6KpHdoKYO/mGtWCKDWGKmaLWmBEiuJyVG4rcVlbAUQHlZW4tmsrgHQ14f4VT4tb9nbZgO8e6o8T+W9NpsgCToBSfxLEe1cckSY8fH6VzpDqIrpgGIn7UVq2E0GlNiYUETVW/hgOUnWBS2UUb6AH7jpy6+VL3F8AUPtFHdJ+B/I00YlmLgN3UPQ8+hrfEWwVKkSDoQaMWCUWuxZwt1HXYA8xULYM7gaVrftNh7oI1Xl4jmD4imFCroGWCp/RB8a5quhRdxPumfKqWHGtF+M4VggcI2QsRmg5Z6TtOtUQwQePNTzkb0UnQDMXdCjKNyPgKmwGDhc53Ow8Kg4bhi7Zm2GvmeQpgdwF2rnpUGgTeXSt+H2+60fe/AVvlLt4UV4JhZDr0I+lCK2BoX3tGT51GVo3fwsO48ahu4XXakb2WUbQKKE0RwaHKK2XC0f4ZwuUU00VYk1SB1nDk1ftYA0XHCzlOXQxp58qo8L4gQ4S6AAdA3MGYhvzqyiSPbeArKaEwY5VlGjqCnE8FiboyKionMZxJ8yOVULfZm+IMJ/q/tTtFeRScEOpCgeA34+xH9Z//AFpaxyQxhlLfyz+IE+ddPxBhGIEwDp102rnC2pYSPEflUsio0Yd2wSMKWBzfDxqraLFxbzKs6BmHwBpjurpQPilgHUb1OLopNKSJMb2YuOrKzoeawCCDyIpX7OcPuPfNkGACc/MDKYaPE7f9U+cG4j7RIJ76aN49D61Y7BdlmR7ty4wbM3vCdR70a7GWM+QrSqoxtOwk2DQILeUFAsFSJGu4IO9InaXsfkVrmHXMu5Xdl65Oo8PrXWMdwsiWTUcxzHl1oaUrkcci4fw4lVOcKCoMZT+dWL2AY93P/t/vRbirD2z5RAzEaeGh+dVkOopWCy3w/sxK6vH+X+9EcFwc2XYZs+cZiYiI0ojw6+IAq3dPfUdVP1H50yQRRxOG/iv5/gKjxOE0kVexB/jP/Ua9vJpWaT8mbILxAKprFPeFwhRFWRoANv70t8BwouYlVI0WWPpt84p/WxWjEtWZsr3RQSweo+H96TO0dsC+/QgH4gTXRggpA7X6Ygj+VfpVSX9JOBcdyQlw9z7LblfA9R9Kyhz8Iura9qyQnjuR1A6VlLyLLGmrs7dXlak1qTRJGNSG6sGYONZMzuDOtPLGlrtOgGRhudD5VLKrVlcTp1+i9iG5ULxmoq7eNDbp3rNZoBiYlrbh132I6jmK652a4tZewpQgZFlwdxAlm8t645jKpvcZULqzKw0kEjRxDqeoI5VbG70Z5qtnWeB9vVe7kuqFRmhGWdJMKHB9NR8KZuJYEMC6e8Jkcj/euBcLxDe0Ucq7f2sxb28NKmC8AnnBGsdKq1QiZy7FjZvva/HWq9XMX7if0j6VRpH2IwjgcVBApjs3czp/S31Wk/D+8KZcN/iW/wClv+NMmcilj0C33jnB+I1rVm0rfj2lyRvlH0NUc5is815GzG/EucCxa2sSM2gcZZ8ZkU+Bq5NinOlPXZvGPctLmM6VoxPVEMqqVh4mKRe2lvLiEuLoSggjcFGO3xFOk0mdu97P+f8A4VUlYDxvFLt5ct247jeCYE/0rA+VZQ0HWsocUUg9H//Z', 100, 5, 2), (3, 'Bia Sài Gòn', 15, 'Bia Sài Gòn từ lâu đã trở thành một nhãn hiệu bia quen thuộc tại Việt Nam. Đây là nhãn hàng do SABECO sản xuất và phân phối ra thị trường.', 5, 'data:image/jpeg;base64,/9j/4AAQSkZJRgABAQAAAQABAAD/2wCEAAkGBxITEhUSExIWFRUXFRUVGBgVGBIXFxUXFRUXFhgWGhYYHiggGholHRUWITEhJSkrLi4vFx8zODMtNygtLisBCgoKDg0OGhAQGy8lICUvLysuLS0tLS0tLS41LS0tLTUtLS0rLTctLSstLS0tLy0tLS8vLzUtLS0vMi0tLS0rLf/AABEIAOEA4QMBIgACEQEDEQH/xAAcAAEAAgMBAQEAAAAAAAAAAAAAAwQFBgcCAQj/xABGEAACAQIDBAYGBgYIBwAAAAAAAQIDEQQSIQUxQVETIjJhcYEGB3KRscEUI0JiodEVRFKD0vAzVJKTo7Lh8RckQ1OCotP/xAAZAQEBAQEBAQAAAAAAAAAAAAAAAgEDBAX/xAAsEQEAAgEDAwICCwAAAAAAAAAAAQIRAyExBBJBUWEiMhNCcYGRkqGxwfDx/9oADAMBAAIRAxEAPwDuIAAAAAAAAAAAAAAAAAAAAAAAAAAAAAAAAAAAAAAAAAAAAAAAAAAAFbF4+nT7bt5N/ACyDF/p6jzl7j6tt0+UvcvzAyYMfHa0Hwl+BPDGwfH3gWQV5YyC4kL2nDk/wAvAx72tDlL3L8z4ts0vve5fmBkQVsLjYVNIvXwLIAAAAAAAAAAAAAAAAAAAAAAAAA5n65ce4wpwhOUZatuEpRdnuV0/E6VUmkm3wNK216L4bF1HUrqcm+U5RSXJWsB+esTiq19a1X+8qfmV1mb605PxbfxZ3xerLZnGjN/vq/ykSw9WWy1+ry86uI/jGUTEuBxwtLir+SMvgsBg2utB38Edsh6uNmL9W/xa/wDGXsL6D4CHZoW/eVv4hlPbPq4Ritm4OKuqbffZfkYeeEo8I/gj9KYr0NwU42nRuvbq/KRjn6uNmf1b/Fr/AMZuTts/O30eK7OnhoW8NVqrdVmvCc18zvcvVtsv+rP+9r/xkf8Aw12Z/wBiS8Ktf+IZVESp+pzGtxqQnOUnZNZpOTVt6VzpppuyPRPDYWaqUVOLX35SXnc3CnO6uYp6AAaAAAAAAAAAAAAAAAAAAAAAMbtbEWtHzKUKiJNtdteC+ZTpsyWL0ZkkZIqxPcpWV7N+Cv8AhvYFuM0TQqR7zHRrxy507x5rh+XeeqleKtdpJ6X4J8E+RmW4lkJVY95E5IpfS4KTg3qrcHbXdruPtVZ0rO6um1dq6s+Wu/4Du9DCy5o8SkV6csqld3Sel3qlu1fK99XwEZt3urNOz1utyej8xEswklULOzq124+ZQmT7L7fk/kUMwAA0AAAAAAAAAAAAAAAAAAAAAYTbXbXh82VKZb23214fNlOmZLEirxT14XvyVlfXyFdNdbRd63rua+0ijKDnX6ry5Y8U7Nptbr62fHuLGJxqu4RV3rf4P/c593OV9qJVJRnmSspdpb4y+8mrq55qwai8tsvJuDjbitdy8yLD0r3vZR33u7cnu3/me6uVxlli3ZaSkoq3K2lzjl0wYZxaUUtFuytqNn3W3fEvLDSadrJPXRyzPzMXsxWjZ3bzO+vHTW9nfQz0anVbata/g0t1i9P4o3TfbhVwOElDNeT1aaafHX38CxGnZc+be9vmfaGIjNXWu78eB6kjrWIiNnO0zM7oZE+y+35P5EEyfZnb8mWlmAAFAAAAAAAAAAAAAAAAAAAAADCbb7a8PmynTLm3O2vZ+bKdMyWK2Np9dNJ5lBtNOzVuHffUhoq9raZoOKfJ71/PcZNUutGXJSXvt+TMZXouMnDuvF71JcvHgcbxjd0rPhNs2XWUZPLZJW3Xa3a+DehkMVhr3m7txTcY8NFy4s191r9qKl4qSfvTu/O5kI4qWX7UfOL/AAdvxZy09SMYldqzys4LZ0lFZ5yzcVB5UvctfE+4rAbrO+uvN+Nt/iR4HFyiut9Z95O1lwTT3eP4l/D4lTvZNPvXz3HWsUmMImbRuiwFDIpR+9v56L/ReRNIqUMRJ1JRas43vrpZtbrfgW5I6UxjZFs53RTJ9l9vyZXmT7L/AKTyZaWZAAUAAAAAAAAAAAAAAAAAAAAAMLtztr2fmylTLu3O0vZ+bKVMyWLECGeKoyvHMpdyu34q3xR8xVVRg2+VtPAxMoyjvpqMWuCvp3vf5nPUthdK5X5YDS8JrXhK178rreVa+Gkl1rry0+JNg6bg7xWW/HJJ6eNtxmaabVnZ+G5rwZz+ji0Km0w16hTUdVdNcU2i3Tq/aTs9PDVcvJ6HvG0VCSy7nw5b93JFTEJZVrxd33OSd/fYnHZlWcsngYS6zklq8yafHiWZIhoyyU818y368Fpfdy1ZDgsS5rVrcnb7T5u37Ott3A9ETEbOUxndNMn2X/SLwZBMm2W/rF4MtDNAAKAAAAAAAAAAAAAAAAAAAAAGE2724+z82UqZd292o+z82YnFwquFqUlGd1q0t19Vqn8DGPW1l1M3L80/kX8NJTguKtb3aMq4OjPI41mpNuSbT0cczy8FZ2t5oiwmAnCpFp3jqpaqzWV2bXO9txE5iyoxMYVq3pfgqM50ZTmpUWoztRxElC8bq84Qa7OvgXH6SYXPRgquaVeLnSyRnNTirXaklZdpb2t6Od7WotYral3iYKrljDoISaq2oxg4uVrJZlZttbizgcPUjX2ZKpRVLo6NXpMifRwv0VtbtJdSSWtmoq17q94RlvlTbGFji1hZT/5h01NRan2G3HSVsu9PS9yBUJJXkrJWSTt1m9+nJK78kaLtnB4mbW04Ru4YpTVNRn03RzUaWSze/osjasrNPvb6G4Sr5JKVqbim7b3K7zR13cuZF6+YVS2+FepjMy6CKs28ra3KL5Lg3f4l/C0VGKWW1tOF33+DJegipZ7K9rcPeY+NDE9JmlVj0eZ9RJaw4JtxvfwfvFaTE5ltrbbLkybZb+sXg/gQzPeyqsemy36yi3bknornSEM8AAoAAAAAAAAAAAAAAAAAAAAAYTb3aj7PzZzT1iVYfSMFDETnDCSlV6Rxc4rOlHK5OGul21y1fBnStv8Aaj4fNmkemmMw6gqGKozqUakJyUqcJTlCdO1uzrG+bSXC2u8JlPRdTBbNqydZ1pKMlRk55m+klloRz631nBJ+HgVfVht+vX6fD4mo51qU7XeW9t3BJPVS8kjU/R+niauFwmAz9HUdWeISnHM4UqT6qcG1p0k4ytwyvlYsxjX2ftilUxFSE/pK604RyRbbyWUN2a8Yr95cJyzb27i/03Uwf0mSoJRko5aPVzQpN9bJeyzya14LeNn+lON2nXqQwNSOHw9N2VVwhOpU5u07xjGzi7WbWePPq42vTUvSOtG/apwjflenQRT9Xdeng3itm46aw85Z1mm8kZZ4wptxm7WTULp3V76aphrfNiYrH4eGIntCpCdKjnlGpGGScoQTd2laOq4JaW3u+mE9HsbtLaanXjivolO7VOFOnSnZJtJylUi3J3TTStuvpc1L0Ywjr4naODpVXOLWIhRzVHNZY9PGnLM27xfU171zNk9WnpHhsNhp4fFVYYepRnLNCq1CWspT0T39q1l80GZRP0txVTCY3D1ZOni8K7KrSeTPaqoXstFule1lZrREOzvSidfZ+Jw2InOOKox1eaUJySmlfNFp34Oz/Bo12vtDTG4uUcscXUvTUuq+i6RvpWnwd4pc7S5Hj0hhUq4iVWC+szKnJQjrUpxaitFvaUVfmtfsm4cp1axaIz7N/wBq+mcKcFSoLPNRScnfLF2175Sv5d73Fz1Y1pTrVZyblJq7b3t6mgY+hGMk4yzZsze7qu+7T+dDevVW/rZ+yvmVjZ5tLUvfWiLOnAAh9IAAAAAAAAAAAAAAAAAAAAAYP0g7UfD5sxygmrNJp8Gk7+8yHpB2o+z82YbF7To0FerVjBfedm/Bb35GJmccvOxa9Os5y6KMZUqjpJqzuoqLTWisutu7j1t+hherOvRjVbtBJ2btq9LtL/c0bBenEMP03R0pVM9ZzV3kTTyxunq0ssc1mk+GhS2t6XSxGTpKak1LMoxdSEYZJRlHra5pZop+Rzmbdm3KZ1dGLYmYxy6IsNgFGOLlGnTcoqaqTeSfWjbt3zZrNp69xjdvbe2dUeSpCnVmleKqOMF43eqW/XKcy2nXjKrKcLtNRnZp2jJ9qF3v1V9P2i/RxVDpZV3Ujabi506lOc5LLFJqGmu5br8TL2tiJj9v0RTVra1q7bYxv49WQw3pHKcoxw1Klhoyatki3LXc7y090UVsdi2m28R0s1PLZZpyUs+WXWl2bO7duTMbs2ulVU3dR6WUtVug5txVlyjbQubVximnatn+szKEaMoaObSvNrhGV3rrlLta0XiI4/vtLxViL0va1szEzjfH8w9QndSqzrSh1lFtKcpSbXOLvw/ApY5ZZyi3m1Wr+1eKknr4k1DH9HBpJOTqRdmrrKk768Hw8yhi6uapOSzWcm+ta+qXJvRbl3JG1m/fOeP8cbU0foImPm87+8+/2eHpTOkeqh/Wz9k5lB6nSvVPpWmvunWVdJHxw6oACH2AAAAAAAAAAAAAAAAAAAAABz/1pbUq0VBU3lcou8lvSvw5eJyfAbOqYqc7TWZLM3NylKV3yScmubtZXV96Ok+uOWtL2ZfE5pgsJCeW2IVObkotSailmqZb3utLNSfgzXg14mb4X5ei+Ijxpt6adJFPW1ladtdSpR2fVlFSUbpptaxvZO3Zve7vorXfC5bovFxpOrDEzyqCk0qk7qN6elnxTmv7LPsIYuFNJSeRRbSTTsnR+ktpNb1CLae9NaM15b6dc8Smqxpq2bAy1z2tWnr0d8/2Xqsr9x9+jQjFyeAqpJu/170s3Ftro774yXkyNVMY5xaazxm1G3Qx69Wcqb0sk25OSu92Z7rk+Gx+LlTzqWZKUlmtRfWjGdWTu1fsubvxTa42DJmI5ifywU407uP0Gd0ptp15XSg3GTtkW5pryIMTsqu5PLQlFXdoJqTSirvjdrjfdqS1cRi4tSk+s3Kgnald5lCUotrf24u7/aet7n2o8dJ53N3vbMnBSblXVK11q71Ka/st8zU9tbZiYn7oiFfC7HrVI5o5LXkutUprWN7q178H42JanotWUZSc6Vkk75nbVXV5tKEV3tor05YqlGpSjWlTVKUoSgpyVpZJyklbupS/lkeOo1LVOkxN3FyTU5y6zj06ssz4vDpfvIGZVXTrj5Z/FQwsHN5Y72nvOnerSDjiqifGN/ezmUrU604QmqiTyqcXZTWl3HU6J6qZ3xU0uENefmRv3PZ01a1jHnLrQANe4AAAAAAAAAAAAAAAAAAAAAc29cuz60qdOrTpymo3UsqbavqnZcDhs8Yr6/mfrpowe2vRvC1lerh6VT26cJNeDauHK+lW3L8yRxkOa87ou0toaaVf/futz5aeB2XFernZdT9VUfYnVj8JFCp6qNmvcq0fCpf/ADJmvPPR18S5j9Nne/Stu6fbbd07p7999SanipRhljNpa6J6XcXF6d6bXgzf5+qHA8KuIXnRfxpnqHqlwS31cQ/Ol8oBznos/Wc9WLqNa1G+tm1l9qyWbfvslr3IrVcXNaOq7cs+i62bdf8Aa18dTpcvVLgeFXEL/wAqX/zPUPVLgOM68vGcF8II1sdFjy5PUxsW9ZJvxvcgljIfymdqoeq/Zkf+jOXtVavwi0ZPD+hOzYbsFRftxz/57mOkdJXzLgOHxLnLJTg5S4RSu35K7Oz+qP0fxVObr1qbpRcbJS0lK/3d68zfdk7NpwXUpwhHgoRjFe5LcZYO9NKtd4AAY6gAAAAAAAAAAAAAAAAAAAAAAAIJ4WD4W8NCKWz1wk17mXABQez3+0vc/wAz59AfNfiZAAY/9Hv9pe5/mff0d978P9S+BkUls6PFv8ETU8JBfZ9+pOAAAAAAAAAAAAAAAAAAAAAAAAAAAAAAAAAAAAAAAAAAAAAAAAAAAAAAAAAAAAAAAAAAAAAAAAAAAAAAAAAAAAAAAAAAAAAAAAAP/9k=', 100, 1, 3), (4, 'Nước cam ép', 20, 'Nước ép cam là một loại nước ép vô cùng phổ biến và được nhiều người yêu thích bởi sự chua ngọt, dễ uống cũng như hỗ trợ nguồn vitamin C giúp tăng sức đề ...', 10, 'https://suckhoedoisong.qltns.mediacdn.vn/324455921873985536/2022/2/19/cach-lam-nuoc-cam-ep-ngon-va-thom-ket-hop-voi-le-va-gung-5-1645248090817401855254.jpg', 100, 1, 4), (5, 'Nước chanh muối', 10, 'Nước chanh muối Thạch Bích là sự kết hợp tuyệt vời giữa nước khoáng thiên nhiên có nhiều vi khoáng, CO2 thực phẩm, đường Saccaroza với hương vị chanh muối độc ...', 20, 'https://cdn.tgdd.vn/Products/Images/3226/128831/bhx/6-chai-nuoc-bu-khoang-revive-chanh-muoi-390ml-202103272142426493.jpg', 100, 1, 1), (6, 'Cơm chiên', 30, 'Cơm chiên là một món ăn quen thuộc mà chúng ta dùng trong bữa ăn nào cũng được, nếu cơm nguội còn thừa nhiều thì chị em thường tận dụng làm các món cơm chiên tuyệt ngon cho cả nhà cùng thưởng thức. Cũng là cơm chiên thôi nhưng thêm chút biến tấu là đã trở thành món có sức hút biết bao, vào bếp cùng Cooky để bỏ túi những món cơm chiên ngon lành nhé!', 10, 'https://i.ytimg.com/vi/FR4DH5sSysI/maxresdefault.jpg', 100, 2, 2), (7, 'Cơm rang dưa bò', 40, 'Cơm rang dưa bò là món ngon đang được rất nhiều người ưa chuộng với cách chế biến rất đơn giản và nhanh chóng, tiện lợi.', 20, 'https://pastaxi-manager.onepas.vn/content/uploads/articles/mon-an-vat-hai/com-rang-dua-bo/cach-lam-com-rang-dua-bo-1.jpg', 100, 2, 3), (8, 'Cơm gà', 35, 'Gà là một món ăn quen thuộc và không thể thiếu trong cuộc sống của mỗi người Việt Nam chúng ta. Gà là nguyên liệu cực kỳ đa dạng bạn có thể dùng nó để chế biến rất nhiều món ngon. Sau đây hãy cùng với The Water MAN tìm hiểu về 5 công thức để làm một món cơm gà ngon cực chuẩn và chất lượng tuyệt vời nhé.', 10, 'https://media.foody.vn/res/g80/791257/prof/s/file_restaurant_photo_zj7d_16195-88cb1e38-210427122724.jpg', 100, 2, 4), (9, 'Khoai tây chiên', 25, 'Khoai tây chiên là một món ăn rất được mọi người ưa thích, bởi hương vị thơm ngon và cách làm đơn giản. Món khoai tây chiên ngon nhất khi có lớp vỏ ngoài giòn rụm, bên trong thì chín mềm. Với cách làm trong bài viết này, bạn sẽ có một đĩa khoai tây chiên để lâu vẫn giữ được độ giòn, ngon đấy.', 5, 'https://cdn.tgdd.vn/Files/2015/03/01/615221/bi-quyet-lam-moi-khoai-tay-chien-cu-5-760x367.jpg', 95, 3, 1), (10, 'Cá viên chiên', 30, 'Cá viên chiên tiếng anh còn gọi là Curry fish ball, đây là món ăn vặt “huyền thoại” của không biết bao nhiêu bạn trẻ từ xưa cho đến nay. Với cách làm cá viên chiên giòn mà Cet.edu.vn hướng dẫn sau đây thì bạn có thể chiêu đãi cả nhà món ăn này khi sum họp vào mỗi tối hoặc có thể cùng hội bạn vừa trò chuyện vừa nhấm nháp cũng khá thú vị phải không nào?', 10, 'https://images.foody.vn/res/g100006/1000051064/prof/s1242x600/file_restaurant_photo_etep_16507-d9fb24f0-220423193357.jpeg', 100, 3, 2), (11, 'Gà rán', 50, 'Hiện nay, có rất nhiều người săn tìm cách làm gà rán để chế biến tại nhà thay đổi khẩu vị của gia đình. Đặc biệt, mẻ gà rán giòn rụm, vàng ươm đẹp mắt còn rất được lòng các em nhỏ nữa đấy.', 5, 'https://lh3.googleusercontent.com/pVS28hUcRq7vZhNRCzrCnQ0rJa3MYb3uKPbgYdaeHLUWJOMN5uaKsZHJpHX1xJGJPyx_4GtrGqB-wJKYM-bzobAKKU14HkCg69RqcCGyqFW6I4Z4lebm3Z3qnqxe8dOE07bSh3-MlEcIdDjfae_oIuYYxEsqdtdLws0iwzQzSVCZmCgreSrv4-jL0oDGCxHLMbriVjNsJzQxhH-l4YzwRYDYD5TbNls-21O76N-8-J3sSW1VgolboH5J92djm3FAvc_sFvcu6g-QbQCA-qd2Vtl_4q2hfSgwKmggpe5T4d5_ZwKKeYdTgri_Fn1YMpZxs59G3hxjMDZRu7BmnFCqR4EOYAiPSvjVswjoT71gNSdjTyCH90qk45-n8JN39YuP7EUluhrQAa9r-Iv3oQxIkPtPBRlcF87AUrCXf-MMf-9yIABFxydkYuDZR1y0ub9XgmMttWVJJABBnv-J-Z4v6r0QuzTDORM5ZgvElJ8_Jx1Y99zW9qW9FD6TuzTbAz9PtSCu4GYBuVz9PfMNXW-kCJh_OdnbptiInf1CbADQHCdC5-WkXAVwxTD6wZJzhcUPu6EcvjrYExSsg3rkH8ra2II9DgKapZ581UtRVFGuZBekdSX6LxqoYYp_jHf8pq7LWvGdc2pxWyaCzFilkJlYL5k1GqeQB6aOwe2Fa-8IsuzGnIaEEdbAcVmsh2VmBsdyk6inzzeAt_HSfxMW9bdWRbVuXmwFEnb8wRmoCS5sdJhxXsTB_-PcInDyxqwWa8mLyYXOPm8nCXqQJWKKC1MBSLHD1oprpIjuzSv0U5ANIFwW7syjRcJY6cJy7B7K-bkWHY_t91jz2IwakeBxenlZzTw-I8Wlv9h_LTFDX3u5Kbi9Oqniw1ccceErrYDU_D8uMdqg_Ky6RVVj3vu5aM7cZw08dtudu0u9906_XiNs7S8oABfOoINWOaPWXgRumRRHPn6_ou54DqI4K8_qg_M=w659-h879-s-no?authuser=0', 100, 3, 3), (12, 'Thịt kho tàu', 60, 'Thịt kho nước dừa hột vịt hay còn gọi là thịt kho Tàu là món kho rất được ưa chuộng không chỉ trong những ngày lễ Tết mà còn trong các bữa cơm hàng ngày. Món ăn ngon, đậm đà, béo ngậy được dùng ăn chung với cơm trắng rất tuyệt. Cùng vào bếp nấu món ăn cực ngon này nhé!', 10, 'https://lh3.googleusercontent.com/QehATsvL6nIbwkAlZ8pGYDISundhUFr3We-sSXZ2gEQLUuSip9BGRxfZnsMt64YA7YSzgVVJHDDW_E2JzVNyzhpKPrTq6OkTJ6Ju1PcGNdvOb7pJkS4sbC19b40YY9stM1PSqMld9O0bY0Ie16E0tWdwAqCBdFUQZ4n4uYy3D1Zk8YhzAdfxnocAnEJg4RqdSaKMB9wV3OJ6-mrnYcMcJIG1H_UCWWpFMF5Zb7imMia9PKF5jLC8nv1p4F3vHs8gdPrDAA72-oVbb1RgBF679c7Fza7SQpMPf0Bu2UaQl0wnz595NyfEBYeikSvURGn1SjXabjO88MYE4cOi0o9_D_4XTZfMHoH2MUdTYwQzndBm_G5WnW7HXCLx7i8wkq7lEEgeEKDJ_UoTYvGSBpDzT7kwIwatsXCJycYjxmDPpm8R5pU5BxXWb27jHqvt0Gwk_T5WE5v7ZHSkBVKYjL6NIOkYNa6q6IY4t59OpkM3uEGUtFHnHiMaTHJ8qi_jyyVKu6kSsCchMkSwNcIS_3spZJfU_D2WierZK33bpm-8vPuv9YljGd8F5RH-dS0nav5q3MpgOZHtrOrFG3whUFKJTIfjvRVI4QcLgK5B_7aWpFHDmPHYnlRkwvkjJyz7rvTmsR2HyMg8X2EhtYFZYIbR4CYxM2VjvBiYjYysAUeQxDOjYAXVcYxOxb8VpvEr4sqnc10H54sywcxGZ9t6tnePiX4LMOcuy0vy6Y2Nv3YxRSnAXaDGjd3JrJskwnAyMUbQoIaSH8tmT8jndsktfatdJIReXpoL7USNyy0yAy7ScIScoMEufYR6ikdADmU6zzZ5b0e4XCZtYPOA9NSaem-97a-GLUf0At4tt_tChSrdbzPp_L3SSY2BYoMV7La5PcQi8Rk5DfZs5c0LDXmDoBWQJybOIwEtBGt0iWsiBKggANWKnjODdbL3ISczudh4NiF37sxh6W_D0IL32B2Ly3U=w749-h747-s-no?authuser=0', 99, 4, 4), (13, 'Cá kho tộ', 70, 'Cơm trắng, cá kho tộ và canh chua là những món tạo thành bữa ăn đặc trưng của người miền Nam. Cái vị ngọt mềm, thơm ngậy của thịt cá, chút mằn mặn của nước mắm se se vị cay của ớt đã tạo nên hương vị đặc trưng của món ăn này. Ngày nay, cuộc sống đổi mới nên tộ (nồi đất) không còn được sử dụng nhiều nên người ta dần kho cá bằng nồi kim loại, nồi cơm điện… Nhưng với người Nam bộ nói riêng và những ai đã từng ăn qua món cá này thì đều công nhận, cá kho trong tộ vẫn có hương vị ngon, đặc trưng hơn.', 19, 'https://lh3.googleusercontent.com/AopLIgw_NpJ_ChdGX4yQcPCNvNISKpQnc1T0AzzBoHS2o2s9WY7bxFvvxY3GtnaM-mHy3xCouqF_DBS6mfSoeq2w-gKFV3n-IV-7K3Og6j_0RRBdS_J9MIkOkabXp1d8DX4P1RqKFB8Zz48h6NCvzAHBKGTw9dYfBs8jtHMF6g_QnHH1TtXu-8PPqOBx1hM6SAirl6j4wGnsP4arErkZWf61E8_XboSeCuciQRqDqlSY3syO0Qs2aQO63fZgVy14Po7xF-Uc1Dbw8Ou-58u4Ort5-8hGPlGhaj3IrQBR28EtZu0SaBln-F7DLyB-TPc1Q6mdQhCrP0EPnpwhnB8G2iEUAlZdGrSw_Tz-25TUd3DbYsk3YdEWSZz1ZW7UO10nV3imJlmIolixiErfOJMLm7brIHmHdovF-d4-hJwBkMCI2Q0pioVC3TE0WpA6N_idnwoxwmIMn9nrAiPLkkHLBHvjzXmqkGcHhte8N58i7UjrGgPznPFe9u5Fql3PpewCZPLTBZXiMKYbGD901f2bto_tgIFG7U2KVhVUaQczZtWoXk0INy9y73M7-FOhhUQ5roypQT0R7yiRNfEsdfCR93bYNdp4tSgICBx3blGPg__nKJNpWuO0UaT7OY4hLe_3qIAp7IM7FH7vI5hQ0EopfD12_nElLw3GINYaBAF-mjbfZRplxPwLHtM-Uf2ruge4pYpS_ueO2T2wxdlP0GiSAsRdDLPhWF1oztQnQDTQ_Xd9bhn-JqdyR1KAg_plst2uaV69DTf2WeTuTjby9KMG9XcHQB5glnGcl043wKubVzY0_7b72ngcITbgTl6Z3OTvf5fuNRqOvMTSIFkLUaMXwisi3LfjIgxchG8LaLF0q6CHj191mWmlVv5syQAUhmAnQEVtrzXm-9jttjtnoo06wyTVArS_E9VqtzvWg7LVCVzE9ZrA0-OtKojLV95yn1vCxKw7Lp4G2TuE6JhCjXc=w1080-h1167-s-no?authuser=0', 100, 4, 1);
COMMIT;

-- ----------------------------
-- Table structure for roles
-- ----------------------------
DROP TABLE IF EXISTS `roles`;
CREATE TABLE `roles`  (
  `role_id` int NOT NULL,
  `role_name` varchar(255) CHARACTER SET utf8mb4 COLLATE utf8mb4_0900_ai_ci NULL DEFAULT NULL,
  PRIMARY KEY (`role_id`) USING BTREE
) ENGINE = InnoDB CHARACTER SET = utf8mb4 COLLATE = utf8mb4_0900_ai_ci;

-- ----------------------------
-- Records of roles
-- ----------------------------
BEGIN;
INSERT INTO `roles` (`role_id`, `role_name`) VALUES (0, 'customer'), (1, 'admin');
COMMIT;

-- ----------------------------
-- Table structure for suppliers
-- ----------------------------
DROP TABLE IF EXISTS `suppliers`;
CREATE TABLE `suppliers`  (
  `supplier_id` int NOT NULL AUTO_INCREMENT,
  `image` text CHARACTER SET utf8mb4 COLLATE utf8mb4_0900_ai_ci NULL,
  `email` varchar(255) CHARACTER SET utf8mb4 COLLATE utf8mb4_0900_ai_ci NULL DEFAULT NULL,
  `name` varchar(255) CHARACTER SET utf8mb4 COLLATE utf8mb4_0900_ai_ci NULL DEFAULT NULL,
  `phone` varchar(255) CHARACTER SET utf8mb4 COLLATE utf8mb4_0900_ai_ci NULL DEFAULT NULL,
  PRIMARY KEY (`supplier_id`) USING BTREE
) ENGINE = InnoDB AUTO_INCREMENT = 12 CHARACTER SET = utf8mb4 COLLATE = utf8mb4_0900_ai_ci;

-- ----------------------------
-- Records of suppliers
-- ----------------------------
BEGIN;
INSERT INTO `suppliers` (`supplier_id`, `image`, `email`, `name`, `phone`) VALUES (1, 'https://aeonmall-hadong.com.vn/wp-content/uploads/2020/05/bubble-milk-tea.jpg', 'koithe@gmail.com', 'Koi thé', '030369222'), (2, 'data:image/jpeg;base64,/9j/4AAQSkZJRgABAQAAAQABAAD/2wCEAAkGBxQUExYUFBQXFxYYGhsZGRkZGBscHhshHBsbGxsgHx4fICkkHCEnHBscIzIiJysuLy8vGiA1OjUuOSkuLywBCgoKDg0OHBAQHDAmIScuMC4xLzQuNzcuLjAwLjAwLi4uLjAsLi4uLjAuLi4uLi4uLi4uLi4uLi4uLi4uLi4uLv/AABEIALcBEwMBIgACEQEDEQH/xAAcAAACAgMBAQAAAAAAAAAAAAAFBgMEAAIHAQj/xABSEAACAQIEAwQFBwYKCAUFAQABAhEDIQAEEjEFQVEGEyJhMkJxgZEUI1JiobHBcpKy0dLwByQzU4Kio9PU4RVDY3OTwsPxNIOz4uRUdITE8hb/xAAaAQADAQEBAQAAAAAAAAAAAAABAgMEAAUG/8QALxEAAgICAgAEBgICAgMBAAAAAAECEQMhEjETQVFhBCIycYGRofDB4SNSsdHxFP/aAAwDAQACEQMRAD8AF/6OJ/1j/nY2XIctb/nHBPLkVEVwCNQBg8pxKlAXJIxgkqZ6MZWrKXZ/goqZjU6kr3ZG5FwfLHvC+CquWzTkAstVkU7QFKptMXvhx7MBPk42DBm+GA/DGByma/39T9JT+OJuOhbE3KZLUCeQxby3Dyx6DBDhqKKTA7kza/Lri1lXQUypUFpBDathzEc/biNDMptkKajmTjVMtOwgY6b2czOUzEouXUMirqLUkgzazX1XGAHGeK5ermqNCjSKmnXK1T3aBWAOkixuNQG4xZ4aV2Znl3VC3Tyi9MS08lT6Y6Znsxl6dalQaiC1WYIRIEQL/Hphe4lwymM+lELCOFeByksCPL0ftx08Dj0/YCyWUKHZ/LQgatTFVgGWmWgEdGYeiTt904DcQzJzNdqpVUpgKlNVggKsgXG8390Dljo9XPUUzC5TuR41mdK6b6rEc/ROAR4dSp8RWkqDQwnTFoZGEeyQcPPHSpetMRS3bFdOH08a1cpTFguHWhwM0M5TZZNNi0HodLWP68QZukr8T0MAQSpg+VMH4WxLwpVvu6H5iS2RnZTjX5Og3XHSeNdpHo1DRpZVqxVVPhLACdhCo0bY55mcwQhRlAaZIKkMto035Dzw08Sj07GhOylQK1ArBVSmzVEDlGYzT0T4EUmPnBBJGx2tPlfL0NRQPWdzGnTTSgpJ6mrqKx1i+Gf+CoT3f/5X35TDpxmvkgHGYalsNQfSW56bekecR5xj24fD4Mc1Hg3r1vz9KJLLJ9s5llOxlUiXqlZ2CaTHSW039wxHnuzdakdQql6Y3VjTRvc7IV+IwUr5dyT/AKOWtTpQZ71gEPTu1eWHt+7G+QWkj6uJ06rtPhc+OgOnhQeH3g+7Cr4eSzcnODX/AEUVf6/3Zqc48Ppf3v8AyL9GjQqg93UrqVj08utWZmb0SsbbkX6YjoK6sikD5wVChAIkU3KHUrAFDImL47HkM5l3nuXpGAs92VsL6ZjbnA9uOa9pm05ikZ9bNCZj/XPzg4n8RhwzUuMHFrfft9kQjOV9muWVm8PdknoBJ+zGZrhzCNdMpO2pSsx0n24dOydVaeSqV1GphrJM76BtMWEg/HCvxntW9YB2Rafd6tBRySZF5lRG2PIeGMYpt7H8RtlbJ8GrPemhYdQCfuxNW4dWSm1RgNCtpa4kGJuPfh17S8WbJUafdKpG0NOwEnY7nrfAv+FEE0EhiFJYsJiYUdOcSPecO/h4pPe0IsrsRs4bkEQeYIgj3YqplWPoz7sdS7UdmxXQVUHzoUSPpiNj59D7ukRZPs6Mvk6paDVam2o9BE6R5dep92Ffw0rryGWY5lqZTBMjFOtTGs4I8UgNbfAurvJFsZmaUZwpXFVjSEtJi0mL6onnpmPPrtiTJ8OX+Mky0EwWWDLJr1EACCOntxvwqroqlheD4R1YyFHvYgT54icVmrZlUdrGagMAMqCGJ6EkCBzBOHi3xdBpWrKVLIhnIPJV29rYqcbyumkkbF2/RXBvJDxsfqr97YodpwO4UEx85/y40YfpRHJ2xV0+Q+H+eMx73S9fsx7jSSOk8N7Q03UHunBjyj4yMXK3E1efm2k8ywHvMG+Fbhwd2d3F3YsQAAASZsOQwXpZcE+jGJ5aUnRfBycE5dlrM8fGUTW1M1QCPArFSSxgXGBfB+0K6jl+5aazFw/eHw6lnSUjxRo3PXyxnbqh80RrFMFV8R1QPE1vCCb7bc8COD938vy4IcuyIwbVb+TadQIuSJvO4HnKQpwf5/8AAJ6l+hjyhhdOne8yR0xOE5aftxeTJ7RixRyl8ZUyjQw/wdCHqCI8I+/C1w5gc9WHMZp//VOGLhnEBlA9Q0nqAgCKeknf6xA+3Cz2fctWrV2psuqu9RVYQYL6hONDkuCRmcHyZ1LOZSi9ekzn51QxpiYtbUY5wYwp5jPl+LAaSAgSnfnBZp9h128sU812iqVs9l3XL1aa0hUVi8QZjYqSIIBv5jFfO8UatnRUFCtShYLMJXWhlTIsbW9wxaeSL69f2SUGMHFbcUo+aL99THnEWjitLzRf+oMa53tqaV2yzOwFmQiPuJX7cKmU4xWfNfK6iXBEJMWAgKJ+88zhZzh5Pt2FQl6HRRxtRmmyzwCQrIesi6nz6fD2hM00cXQdQP8A02wm8b4s+YzBrd21IaVABMmVm8iMeV+L13rrXMB1CAMOZWbkefMbfdhZ5k9PydhWJnRaOZdeIvTC+CpSViYNtEgQdoucIPapv41XH1z+BwYq/wAJNULAyy649LWdM9dOmfdq9+E+pXdyz1DLuSzHzJn3ezBy5ItUn5hxwd7Dv8HfDKOYSnTrJrUNmWAki4+SgGxB2Jw31+wWWnVSNSiwgqVaQpHOGmZ535cscu7Odpvk2mmahy7K9UmqaXeqVqClAAkfzRJPK3UwbzvHqlbUy8So1UIWaetsuWiZADCF873nyGPoscpTp48lKut+vp1/JmUae0E+L8arZN+7qtSzBgwabaXEfziwQvuxNwatVz5IWslBRIKA6qxjexgKPPFDhPaPJ01IVRSI3HpTH1xOv44q8X49lajABVepyqFxSC+feEjb4YxqMPG4r4dp/wDelX3r6V+z0GpeHfNDxQ7B5NAZpmpYemxO0ybRc8/YMIfaagKVTLpTGlVfMqo3gCq0C+NqPalqAbXxVZ0qAqU2zBMTaXCqDcXBMzfYYH0OItmalJiHIpmqTUdQneGoxNkB8Nj1jFficvCMueS9PVv091X6MuON9If+yEvw2qoEt88sAXkiwj34SuLZGolMl6bqIN2QqNupGCHCuIZrJu5oqtWjUOooxiG2kGbdOew6YucX4vWzlIpVorSAMiG1E2IPsF8eFOUJRW9oooyTqg5/CFlXq5an3aM5n1VLG622xD/CkP4qk7if0b4B8H7S57LoKPdJWRRCMzQQBsCZuB7J8ziHtJm62Zpt3kFtJACyFWek/eemGnlg0990KsUh07TcZqZajl6tNdYLqrqbSpRib8iCAfdiDhfFHzPDsxVqRJ+UAAbKF1AD3Ab4Vq/G8xXorTrU6aBNJXSSSYUreTHPFLhHHMxSpVct3ad07VfGZ1RUJmAG3g45/ER5PeqCsMgVm0HL9/b+/PFdqWpLe4zt7fdJ9mJsxmaSswaooIgETtaR9l/ZGNTmqdOVdgJkXN7CT79N8YHfobUkQ8MywL6HTUCyqVk8zEyNomZ8sTjKg1c2pZjoNJgTcvFFonYSSZmP14scEYNW1KQQxkGYBkHn5zHvxGECVs4CS2tlAkwZZWY+3TqiB5YaPJppDclGmQ8Eo6iZn0BsJ9ZsDu16aaaASJc7joP88FOB09S3YL4QSTPJmHIXwP7X00FNNLavEZJEDblecasC+VGbJ9TFLX5/ZjMe+9fhjMaCZ0xMlTW3fUvzhiVKVIf6+n8cchr5he5Q9xT/AJSrzqfRo/X88VqedWCO4SOmqp+LHHPC36lP/wBKXkda7VZSjmafdjMUlsokk8mJ+icQJwXL/LKOZXMU9NMQVhiT4SBy5ThH4FmMiJ72izTsjVVUb30uViYHrafacdF4X2e4LmaLVcpUqrVUS1MuFqL7VAuPrKSPPC+A4rT1/wCxPFUn0FKHEcvI+fpn2aj/AMuLLcUywuaygdSKn7GFrg/YbLVqulqTtP8AtAD7yBOD3FOztKlU0mgGB21u8g3vII6/YMZZ4UlasvGdumEKHarKIL1UI/JqE/YmK9TthkWuKq+5Kx/6eAo7LprWF0gzIDE2g7EzGA+b4GuVqFSrvTYkpebnxEHYTef+2E5apjcNjjT7U5MmBWk7QKdX9jG9ftLklMPXpoYBhwVMESDDAGCMc9zeXIYEKF8p1EjpA2+JwY4jRSvlFqlQatE6NlJKNLLIP0WlZ8xgxaBKI45HO5fMgpRrUXKguSrSYG8jVsMCK+eyymO/SfZ/7sKfAcgtbWh00NSEa2lAPEl/ROq2oaTE6p5YG5/K+L1veTO3PbHZIx8mLC/NDzWq0dOo1QFAnUVgR7dWBD8ayn/1NP7P2sacM4StWg9Ig+IEWJB9kz1gdMLGb4DQpMVqapEgw5swPMXtyt0wuJQlptjZFJbSGVOL5VmCrXUsSAAALk7c8WKuYpKuosxHkv8AnhQpcKo06krVIOlgpJJgspWegO8SeYta7NwXLeBUU6oQIDNjokT8RsOcjDThFfS2dC32iOpmcsxINQyInwbWBEmYFiMDcxW4aTeqvuWftGNOI8KU1GNWpYkHSSLTAsRBFogSZNsDG7PJJIrMR4tmHqzNzYxFxyxTHGNbbElfkg3Q4ZkKgDCoYImQDyMHl1wWyfAMkt5FSQRDI1vMSBcYXezGUIKozMwYvBnUAQdIWRvqAmOqna+GELYFdRhbzYC/LkcJmnOLpMrjjGSuiY/I6HquLgeGmCZO2wJx7S7Y5FCRrcx0WQfYQIPuxE3DflCmlr7vVGsgCQg9PrfRqtgFnOHoFBpgpTVxoWdhsJ6mCST1JwE41cjpQd1EbaPbfJuCwFYgbkUjHs9Hfyx6/bLK2ASuSTAHdkA+8pGFWjTamp0pqvMD0unhPI3+/GwrXSUEEG6iwAlpufQmAZgyBboyUJK1ZN8k6Y4UO09IkBaFSSQBLUxMmOa4rZjt3TU6fk7z+Un7GFzMvC6wGsQZ02EFSDzHpAcumIqeS1VWDhjESogGAAfKBfE+SH4jBlu2KVai0xQYMxgaqqgT7dB32w2ZLgzVY0hQSNUGpeAQJ9HrhJr8KAW1ClPXWwNxa+k39+On9jOMiplQzIysjGk0jdl2/OttaTh8cYSfzdC5OUV8orZ3sKWYsyQzEMR3zAyIiQogeivlKjngRneza1ACyqfEwANdhJJYcli+lgCT5eWOl8SqTUZGgDuySQxErcEeWmWP5p64Ts2jHLVe9DG81GgHwgTqEWDhU0xye5w00k6jY2KPJXKl/vzAmX4W9FEdFTSSoU94TF/ATK7GJBPlOLWZ4RmKRqEKrNVDlwrsSRbUbqIGwte9sE87QYU6QISoQVDLFipYIahEiIpk84BYnkMT11X5khnEaHUtJNVU1QguPFLKb7z5YWOKUhpzhDf99hazPDmoqkxDLI0liImdyBO8+8YDcfQnLgj+cHX6LYdO1OYFXu9LhtOtGCiwcd2WjqLj4YV+0VCMuPOos7fRf240QSSpGed3tUJOhuo+3GYsdyvQ/H/LHmKCHZc3/BJlDR7tWcMJIYwRJCgyABbwjnjk3GP4O89QdxTVGKnanUILDqJiR75x9HFX0Albg3UESRaecTvzxyjt9xuvVzGrJ1aa00XS2qqg1NqJJidrgTN78r40OTIcUcqq8NzWte+oFyvq1Xfbp/KAgewjBfiOaCogo5GlR1gMT3pdlIZl+bctqpk6JMGNrWu15GtVq1Fp5rO5U0bFpUPA3gQSJ2G/XFvtXw7hQpDuc2Vqqp0qyuVa5aJVPDJJvcffgrYHo56751B3lOvmFHMGu0+cFWv9h8rHDp2D4lXrhlr66iqkd89Sox1SpKsrMZImQwAkLz3wucOy1atOmkmYRILpJexmARTh7wdumGPstV0ZwoKPdDuiAo1ALZGK+Px/EnCZ4XjYcU/nQ4cLpgVhv6LcnA5XAby5jG/aDKiqjKYGoWJIsRdT8ZwPq5xkYFogsAYefSsbflRgtXQaFnYRNx7PuOPJkekjn1OtqW4gizCw2sdpJv5YIdn6nz70lANM0dUnYssMt/ygFjEmZ4CEqlmqEU6hLGBdZued788Huy1HKtUanQYtrpMsN1PpsSBtAG/U9Rg8GnTOc01aCXZ/s1RpAvTWCaZB1EmxKk7QQfCIIO+EXP8ACy/d92R4kAI6MoCtv5n78dVyvzakRfTsDfl7bYSM/SZTlzM/M6jE2VSglugJIj2eWDk0hMW2BMklWnNJoEGDG4gz7MFsrwWmaqtUAJqOpufSY7EyNxJjyxAFY1C8WYzsTc8vbg7wxz3gZrAQZkRA6Ry5n24zJ7s1NaEzinAh3zUqS+FndVUFjzbSJPivA1eZMYeM5w2nRp0qS+lTphSPIAAe+dR9+FavXYkuVYGTYyH8SsRFt7wvWBMci/DqtRqZJ1OdMeI3UDkdrgzI5GReMWlLT+5Pw2tvQqZ/KqzOWB8EmZFhfVMxbST7NwbTijw7hq1ixVZWBpESIEQLG/xvgyTrki2tgJPKT+MR5kgc8W+CqFcy53awYLzO4An7cKptRoLgnKxWyaIgUupYsa4AhdUq4UQYgdJghZJHICzwfJZytSK0dIFGAwLopMyfXN4HTyw88C4ZTbNIpKlT3jr4paSRIPQzJ3v7sVuNZSnSq1IEo2ogrAuC1NwZBm6gja4xTxG/ma0S4JOk9iymXzCVnFUk/NlR4lIk6JgKfyhOPeKjTRUE3JETfY6rDc2G2MrsgqSGafMDqemNalY1XmLBlVfISJP4nywsYucr8kM5cFXmy3kcuKkAiZEEHz3wVzvBm06yJKkEQIFyVBJ/pG0frxv2bpMjd4w20AnYAFYv1uRtO4vvhh7S0WekVDlWkGfS2O3lIm9sBQavY7ldCjVpHQQBaYNj1A+84o5sBM3XP1hvfkBAwbo8CqhUc1SRqGpYNwW5kk84wL45lGOafu1LOXiBzmIjz/XjnrQqBA4lXOZA1RSLC2sREAFdEyTuNvPbHVeyLl8u6mCFqxp8iATeRsJYc/DhDynDsyWGjLvqM37sqfiRt7Tjo3Zjgj0aIFRiGY6mAiAW08uZXSBP1mxqwR5S2teZnzS+XT2EM7VVXJLCCABqE+Iyga3WQsDo2FSux7tlSmSpZiAYZdRfxU2HramdvYoU8sNLCkvonkwAp39U1CB531g9WXrgFneJUQjOoBRSup1Ow0nxBfW0IyTzgnmsYvNpEYW+/wC+gIbK1KoAlSN1kFSLEVVqeb1DEeR6YMUeETcmoupu8uwJWo2wHQIBtznywLz/AB9kpipC8gyN4dJqeKgxbnYeMeZPLG/Fs1VphQGqCQadUkaiaaRrrqB6JGo3H0x0GEt9+n+R3vXrr9E/aKkuqkAVJ0MSqEASxXx+wkb+WFvtBTPyc6dHprzn1Xwf45pDUlYJIVtATlS8IST0kGPYcL3ac/xYAJbvF2n6L4etip6E+H6p8BjMa6Pq/v8AHGYITtPa/hVLNpTJeoG8WhRABkAnX5DTb8cLA7B5dfT/APV/zGGfKUzUFJREy15j1WtH44kPCO8YgVVnppY+2CbfDByxbepNeydEI5ZLSimqu2r/AALeX7LZK+nujG/iLx7d8ZxXs9lwiaUpN4wI7sRBU9VvthhodmwGK9+JHJV2kAc2N4Wff7MS8U4UKaJDapYDbyOJrHH6m2/yNLNl5KKS4vvVeQsdg+y3dZis9QFKUlkRfCHGolJKwCFBJAm04Zu1XA0JStShaqEreWBDLp2uQRI29/kyZOgulY3AH3RiSpl1MSgMbWFp3jp7Rja1aoktOznXa7s5Vp5YuaykmAVC9b+Fp3ETtyxolap8nRmQjUoIJEBucjDV2xpjugpEgkbk8g0c8TcJyiVsnTpvJUoNpBHmDyN8YZ4FKbitaNkMzjBSe9iYUhaRPmef0ieeL/Zypl6bV6oKGqx8SzDBRuY8zckdBjfivCxRK0aetlQQC3iN4Nzz3xRPBlapT1JaGBlRzF46f54OSFbXkicJ3r1Yd4Me8rlzckPE8gO6Kj439s4C5zJsRl5UeDL1dMEyADTW02LaWaRce/B/hnCO7VQruHgrI5SqgwJ8uuAPFMq80Ap3o1ZjYqrIdLMBKp9e5JaCIkHp6Oxq/wC/cG5PghKowQXRPWIEmD+abS0TNhbFleDOC7AG4b1mBsIGw9ICyiBN5vbFrh2QqE0TrOk00aOUwBqPLWJEJEEKGnVtay2RqSwJlbAKTAAYEkA8wwgEgeCIW2I0i++/yLX+iyNdOCCWBADEg6kYmSTIBJM36xPO7wLLMiVJn0FiWJ21AwDyFgCJkAezHjZappcFyXLSrGQV0jTIE32MfSm+5xPkKDLSYMSTzkXJiZI5EzccogWjEW7TK001+hS4ZkCwVtJ3czqafETEe02Ig6RcTtgknZ92eSXERsw9KfH6pJHpEEjxR7J94NwWoVpQ5AcS0TfmAWEaQOR9cmDAwXbhFUVWHeMVEtuQJIZSZmGLANK7JqWJvijp6EVrf5NMrl6NMpoDd4GLJUPpTz5GQRIIO2I+J1EqU6TPqQICFiRK3I3BBuDc9cC8pk6xhSwBFSsoIJkadag3u0FSR9MmDGC/F8k3yemokkU7jc2qPt7OfliUMbb42NOdLlQrZDh5OYuQ3h1NBnTIspPMi2DmU4W3qATrBvy58vZ1GN+BZph8y6tPqmD8Dbptg5l8kzCLg61+Fp5fvffbG3jUaMfK5WaZThxEg1IYwABEyAT4RzaARE7FrYJudSemCINxt0MeU88UM5waaTKZaQvh1aS0RbUfRvHi3tAInFh8qVChWDxAJsNIv4oJIHhC+AAdRHKE3rRphHZAqIVRTc6gefI7j3DlgXkgBnmciQrqALHxMoI395AFyQOuDAy4BQ6tRDEG8nmdtriD8MWqC01km5nXAUmyi4tudRJ63gbYnFfMmx5PTSJRxeqwWBHzhQxYACJbqATF9gtYG8TiGt3rpUvfWAjEmy3Cy42lTUW/i+cQncYtU6gEAIx0y62A31QgJ6bBeUriYOxt3XheXaTMMNMDTz57WmnjT4mjPwSZWbJMa5bn3YGlvCYnWpkbQ4FMjooPIYFNwwdxUjxwznSw8TFS3eKI9SpUQGL2Zx0wcqvWK27tak85ZdIb4yafuknFeurk6+8ApqG1CJvyJblogyOo88CUm+vcaKiu/b+Ci/DIp0gniKGArgEBGYBwZ3009SA76Z54vVciF7ruyV06JJYkmmmrwee4tztMxjWnlCpao1Rir6AFIlUgaRpj6RMk4mpZJaJJl/namq51Q7bAdFEfdhak/IblFFTjVJCtNUCgKdJ0keHSB4TG0TthW7U0QMvzPjX0ZnZ98OL8NSiRoRAHZncNJBYi535cvbhf/hFJ+TJ6CgOIKqINmtjbDHeJzMrn86iIWo/RbGYg74/SHwxmIlTsnCMu6vTDBlMvuI3VotH48seUs/TcrpFQE35KDALfaLf9sD+BZhKZR3YgAuNpFweeCScVojZ0BH+zO84n8RJc+ynwkJcLUW/t+Sr8tRp1K5JLbECLxMcxJnpi87hqVMgmNVgeUCN+d5M+eIzxalyqINvU6e7G9XPU6ioqMGIYkwIF8RxSXLtFs8Zcfpa/v2GXK2VfZ+AxWocYo1FdqbioKblH0mYZfSW25HTnjmvEO2ppZ2pl6h+bp1kqMdiFRKdrMJ5GDvfAPg3bNqOdqZlmZctqcvTURq7ydChLAuLGbWQ9b+nzSSMUPh5ZOTTWlZ07tvXXSqX1bwOlxi/2UtlqU28A39gxz3J9rkz9SpCuHCyJAhUFgtjJJJk4N0+0gFOhl0EM+mmST0YIYgG5IPsxmhkvLJ15Dzx1jSsu9r6sVdIZ18BZivlpA9pAvHPAfI1GILCoWgkCTqXdx1EkW9nxjTN8SNYrUqbsKinTIErUCWtYQp8RIj7RtlyEQAAklrQsbs59gMECZvE87rmbps7FGNpeY18PraSC9UuLnUx5aBsekgn3+zC3mnFM0iCTqpVpJLElmanGkEnxWHht16kGckytCgiBM2BtoPq7Cb28/gu5vQ/c6ZChHEGb+NAIJ9G5B7wSfDHtWdvWhsdJ3uifhgZkpUZs1JV9PxeIBiQQs6YJ8U2IjnGLRZ2LCfQhwA3ilAQoYBRc3gSdW464zhSr8zUCtampjSSfREXiR4QRoiDM8zE6JDsQrX0rYNN51SQJNyDJHg2G+J8X7FOUPf8A2Aarks1xuwkGwBQxJ0jqJsdN+ltstrKM4IJfS7FiY9HT4QOVrdd7749NP0vCZljGkCRAK2Fm8OkXs0X3xtSlaTKQbQLjTOxMDZbk2FgZHLEHFpMtyg6qwVwCoVp011k69ZN4JBkQsgwRFxI0gE23xeqSzNR1t4UAENeR6JJjYwIv4pI5GK3BMtTZKUCw1KYXVNyIDESL7EemQVODAyKGoz6WKkSB3YkROo7TI1LK7LpBG+H4vvQnOHWwNw8AtSeW8NXMzYgHV3huLbWJt4Z5YYa9PR3RDFPDpJWSRLVLgXk+XMnA7hGSpgKI/wBbXi5OwePI2sJ9KINhhhC6qQDC2kEj2PU58h58sNjg/E/D/wAE8kouPn2Bzw1krkB2C6WKkG+ym19gGIJ5QOt72Ug6w5ZwKmkSTIkAbT5kD3HzxPmz4w0GAr+HmSESL7g+EwuzapO2IsqR86dJjvAYA9k+24PsJ8pxocXsjcdEfEM4iLr0gEC7kWUMQfFHi0lgNuemfLXMV6aaToC96w1agPESD4Wj1ysb2jV54g4mw0kAEGFhtEwdpCnwsb2U8pI2xFmaq/NaVK6SBZSwK+lpWfUuvjXbSo6Ylwl7GjljrzLPygEpCmPGTAG4Om88xEYupnYsBs6L7JUGPZBBnfxRyxQpEHTA2D/pTEeU785nFo10k39cNsbAATv5mdW41wNsJFS5PoLcK6dG658+H/elN+dxG91EMI3OleuIszxOErEiy1AGEgSRAsTZRdDBuPGOmPe9QRcWck/k3j2AaR85v83iKtVSHhgCWBU7wBvb1/TJ1c++B5WpU/UXlj80WWzbGvonxd3OoATHowFP1/HPSBinQzzNRqvyVjKAkhvpidx3hc6f/L88TCpT7zlp07a9jp0Tr/s4ne8c8eZYA0qkEa5OhpgJdu6ER/qwyA2MW3047hN+f98jueJdr+P2a57OMtCnUs0wdJkqdQ1iIE/N6R7QrTc4941XakKcNJPhLP4oi/fDppkk8vEOgxZzI+aQoQrzOssAvpK1XkQNYVyPDcTtMYzO0wBS7saBCatRAHcqSXSCG5FZWxIi9sc8c/UKz4lWvX8+hQ7VIKaUzLCPBBM6guzHqRJv9bCxxqrqyzR4oemYPsfDT2pFNKdMhWBhANRM6RNtzcEifdvGFDtBmNWXYmY10+fk+NuNuOFx9zJOnNSFiX+gPsxmK2pPrfEYzESh1zM8NqIiEMHUNJCzeRbcC492Iadc6ro58yonbDblCNXunp+5+7AzhfFF76vTUsxBVrXkkwYnkLfHEJxc5cm6/Bu+HyeHjlFRut/tghsyoOrujMAeiOW1vhiXIkGoxUECF5RJvOGhs2dSju2KkC8bTG/SMC9TMo1avTcAsukx4YtA88TWOp9/wdk+J5Qfy1+bOf8AaThFI5vMPWpNoqAeJO81OQqqQZ8OmGEaYMgzjmHFqjqdOl1p97V0hgRbVIAnexE+7HbOO1Mw2Yfu87SoqoCd21buzBhibIWBMnnyGFDO8JWu/d1KtVQAymoK9Nw8ahMsAYaT0kESLADa/iMcYKMnswLDkc3KPogT/BtWitUI/m/+YYeszkaVKtkatV20VGqVGMgBAjB9oJbxsFMcumBHBez1CgG7qqamoeIEqfRuI0CPieYtjQ5Fu8aEqm5iGKj3eHb34hDOoZG16FZ4Hkgkxi4XSC06ZUAj+MMJE2bMggnmRB2FzizmMwzL40KyVBG5gaoNr35dNt5xSymWzQpJ3dRkQz4YVohmB8REmd/fjKq5hCGrVtSXgEIL8jYb747Lk5RboTHicZKmE+FsVqhwrAltIpiYEXgmRboSOsWIxE9Wo9RNKiGpssxYgsCXCghqgAP8mRa5vgbQyeZsDmH1LcQUEWPNQOU4IZTgtdQo7+qpUHT85BAYyQOkkD4YR7ekUWlt7C3DabfNKKYKlEab76V8Mc5IX5yPDq073FinQZmZTTAVQYaN7QTF9MDlHzm4tbAZeEZsQozVZQogAOIjkNsa1OG5y/8AG6w/p/5YdS9ibj7m5Sq1TxUgGAYqo8WqOtzplpBuNHM+GT7XV4AKgVGAbSBbeAAfWsB4p8W9tgGzFLMhxS7+rrafndbagIJ06uQtt1OJ6ORqBD3laq9QMArs5ZhawB3EGT7cZZdP7l0tov8ADMvUCqBT1Alwx7tps7LIEQSYgrB0i99iXp5dy5U0zpg30HczN9JsJaDpvEHbxAKHBq6r/wCJqgXJ+da03J+0k+/HnyPwd6c6+iQNZruFkmBeYuTHvxZd9E2tdhLhzVYSxDd5XCjRAN3N94kyDcaQB7TfoVH7sFBfSYkdHqbAxJ6A2PUYWW4OzprSu2i51SxmYMgk3DSfEJnFmlwI5gtVFZ1BMQtR1FhHqsB5+/Ai2prXkzpRTi9+YezHe6rDwwb230qFG2xjxHccvKOj3oDmLl7bXExykbRHum9sCj2O3+eqefzlX9vEvDuzgoPrFVpgi7MwvEekx2392LOb9Cax+5pxLiNVbimGYQAogFpBkK3qkC+o2gEHcYhbilQd3pph9Q8UALAkkt1Cgll7toYkHo2COepyHD6DTI8VyOmkHyibzvHnjx1YsO9CQHBpSW3gxNrNM7SI92JuT9CqjHWyvQrlzqK6fC1o3gwDPQgAi2x574vf6SSSClw4XnYkSN9gAw8RuNXlinVJFSCvqna4JLEtflBnfF9lpE38NxUAII0qkA77QWJk7a+mFhLbDKNpGhzlExII8ccrvbadzy1bGGxr8w2ofWg8rnVILeqZS9/UTqJ8fhymIj+ULW89mO2qeY2JZsUM5woaKwJhS4m176TKqbR4aawdgjXnFOfuJ4ZeOXoG5KkEbMsA+HvfR6z85O++JKXD6d7gte5Pihp7yPywp9nijbFA5RxX1SQe7i3iYCdZYHYjVNMDeDO2KGUp1FpOARr1jSAdUMLUlDbAUmRgw20qT62Gv+/boWn7/wD0YanCVg3jVpDNuToEUrGwgET10+eMqcLPsLN3rajqBqHZR0Xcn2jATMZmrToo6CassNtbMYJzGtRyV11Aj6KAWOLHEOJPQWmUvq+aU1GJD+slf2AkluocdBg3W1Wv89gavTb3r9GnanLFKBjWddQVDrPolvUX7Z9gwoZ1v4tVkx4qf3thr7WVX7lYZmVGCNrEEuobxD8oFp/JXbCnn2ZsvVsLGmf6xH44pGoqgO27bsXu8H0jjMRaW6L8MZgBOzdsOOocuwp1VZgRIp1vEFg3jcbb9cDuzme1OayAio7FX8BBuQYNvV3nYyN7HCD2UzCNVqvWUvqjSoiWYmAACQDYm3ljpGUqqtimnUR4gSS1lEMB4gSDIH44zZlJyvevcthlwi166ovIO9qawQPEohp8WjUJ1L7dQFrjbrdzFIqEkzJJsSfo9TgdmiV1MUZVCglyV8TW0mJsdh7hglmawZaREXWbbXC/Zhscabv+2ReWT+V+RzTtb/42vHVf0FwHq5jpvgv2zkZutY30EcpGgCR1uCPdheZTO32jHm5V/wAjv1PVwv8A40GezjQahm+kW9p/74L58U0WWqS5iFAmB5nliCnUCqFVEAABJ5n2nntgPxLgVWpq7nLVGqiotQQACQCdTCTtJ8gZF+j4cXjdMlmy+E7aH/gjTlkIt4n/AE2xR7R0TVpKoMXmRzsR188ejhuYFJFXvqZgkropcyTfUDcTG8Wwu8XHEUZdHeQWCjvfky62Poquxk3Eb2tjdxkoqJl5Rcmy0vB6vykOlZxS1lmpEsVJ8XMnzHLDBwbJ16b1WqVtYdyyhpOkE2UEn0RyEDCuOHcaa8d2W2QPl/skk+e/PEvyHilPx5io6U5UAh6UyTHq3/c475umCo+Q/wBLOA2JFrY3rMIJ64WKPEIYqq6oiTPXlt+84J5niLADwfb/AJYdXQjqytms5ocjSrajAmegFox7mqRVvEI9E39u/wBmA2ZzWt5IghiIn2f5Y87SZovVVtUWp2nYwNXsvOMXc5L3NVVGLGLOZoCizC/hgxHPePOJwtN2Sp1qbFKraKiqsLFtLEgjw2a8H2DBGrVdUh0AWbkcvb5YReOVyDTUOygs06GYTbyPUDGuvMgn5HTqPDtNFKQchUprT0joseXl9uJuD5UUkgExqJv/ANscm4ZwrvqoptmjSYxoLamDHp6Qg9OuG5P4M2Gio9ZareLUHo6gxiBINS454RbdhelTHZ8wL3ufPAPi/GCjlRcDT+BmMR5XsulJg6UaKuPWXLopHs5j44qcb7LrUYV61VqeiJeQgjYBjO0n7sDNB5I0nR2OSg7okav3qFUfQ5IgsJHnK7MCJsecHcDEHFc+aLUQZECXKkPa5IMkE7Me8gETb0jHtfs/WpgtSbvREhWhWNuTDwmfOPbinwfhfypqrVDVoNTIBVkYSYMT9JLdCDbpjJgjmU1GW16mqeSHDkuw/Rc3ZuQcfB2+21yOc74InPiWUiYqKttrqDAF4EEXPNj0nAuiugsrOH03DC3hJkfq5bYvJSFS6wfGrCLaQByG0+kfaxxo5KM+N/sjqStr9eRsTSaTYEzTJFiqiTBI2jVtyLY1CRdajBafgIJBBJCEEtvIHPmXOKtfKkaAZB74uAdybkG9gDdvIlRtinmHdVrQNTioNC+lAuwUi2wLuRy1LGwGHfugKCf0v9hQtWVSdK1KkkADweEtYSeYp3jaRjQ1VANDS2mqKhJAlb3eSdi2okDbEKZwiuEkMe61amg+H0RIF/E8NO0FvLGuS4lqp1CNRIYiW2DsSVQyb6GKqTtJA2BjtPpnOM47ouu6OO6puq1Kfd6j6yiUcA6Y9JVG1thiTOZFSE7umvKmwMECkWPeKAbDcSBBgD6IGI/lFIJr8JYwraYBJDBDfmEZo3gGBOJ0yCUSzbd4+ppJILmRA+jP6sNUqE5JPf337gztZlAKdJu8Y6dKKD0KsSx6sdKifI9cKnGk/i1WPF/J2j64w09oKFRaJ7yp3mqtqp+GCikN4T93uOFPjtstUub6P0xi8HaJMT+7b+b+04zEesfSPwOMwwBn7GUai1ZQDVBIBm/hYRMGDfeDthwzfFwKtFmDd2CCx0xyKqxhoiSN9oBsJIDcLYBoVjqMhQpgmxgSbXNvfGNstmzUYlFJ1SnduPSW3pHTBGnUYVottiWVJTTr8lMKcoO2teX+xi4rnqUVadTZ9KrqMy0ooK3+lpIB6T0wSydHTQy6zMAkewmR9mFbKcHyWgJRpQ6GVdHcsvi9InVvF4NpG2HBwQlJTEqIMCAYiSB0wITi/pYs8bjK37rsQe2PF6yZqoq1IUaYBVDEopO4J3JwHodoKxmXH/DT9nFrt28ZyrYepz+ovLvB92AFHMKDy/f/AM0YnPtl4dINN2hrkR3gPQaVvb8nHmX7T11pvV1GEXUYIkiTt4fq/bgWlRWYAHz5fhUb7sBKFLVSqswmFawCzZh5YWEVf6Gk9Dxwjtpma6swdwA2m7AnYG/h88XKnGs0YliYIIsDBGxHhsR1wndmMyvcttTHeX9G/hXq6D7cEzXpfzg+NP8Av8NJfMwRrig/S47mxsze4KP+XGZntFmiPE0wbBgN/evngAlWn9NfzqI/6uJkqLIioGMiBNM8/qux+zCNNeYdegRy/aKsy6leGuWGhBtOxi5tzAxvmO0OYJHdVGqciGpoCOkBQ0/5YscA7MAZPLVKuomrmVIBIgI7MBFuYGqfrYI9veD0sv3OgWbUTqM7afpAjn0xRwkr1r7smpxdLz+wCHFc2T6DT/uh/d4jrZ/OMboTG3zYt/Z4qlqY5p+bS/u8avUpzy/Mo/3eJ8StouNxnPcwY+tTH2ykRgXV7TVRVWkadOTt83SESPyNsTgrqAhdxypDn5ID8Dh14n2WyxyTVzQpmqMuXDkS2ru9QMnzxWMOV2SnJRoScxx2oNI0IS31KMD4pP2Yv5PtrWlkqVmQgHRAVgWE6VNhpDREwd8D+0fA+57lioNN6SFGgWOkEjaOdrbe/ACvlkXQVUAswmAL7/rwq+VU+xvqeujqmRrZqplvlBzJB0u2gKCPAWEarb6elpwAzHHsy4KPDg+krOhB2NwVg3+7AHJ56u1NKKV3phDGkeg66pI8jHujBU1RLb7/AEx93LBoCos/6ezPX+0X8Fx43Gsyw3/tB+ziq1Rf3YfqxHpX6PxdcLxGtGzZuuYJbc6TcE+XLBzh9apTaPEh6H94PuwDVAQiiwLxYzvHPDYOxoEfxnMMQQRrqalkdVgSMJP4V5trtHeMsXfmE8rxuRpqqGHsxmaSi6EK5UOQSBBkjnfY2W9/RGAGapVsuPnU1LP8ol1AMb81i+9o9Ynem2YVgCrTc7Hz+0eYtjLkefAqZSEcOXaGPTFQNZREDQB6WiNUEbQNIXyW3QZRoRlqwEInjmSWYJLBqgB9IuiBh9YscQ0XLATJv1j7eXtxutCoitdWBJJXSSXZrIqz6oIZCv0TPPF/hMvjxfJbQmbliap69/bos1hVWhRWiG71fQ0rACqsM17HWpUhT6zDmDi1xHNLRp0GQa0OlUUuQXPp06knznUeYfyGKlTNB6Pd1NaqvdszBBpElXQIPqsvdxY3nlgpxClrFPTRBdoVlMNFNn+eUXAVgGBaL+2MavCa3FiLPFtKa9/2R9oK7aaKVIeWGplEQ6o+oR0INvyThY7UADLtBi6/pDDPx6m2nLkVFampEkelUYpUAYnaAB7yx2jCx2tIOWaJnUv34rBOtkZtWqEeG+l92MxH8fhjMOIdb4PwmjV7xHUEFDMAdQJ92+IeG9i6tJmjMoVbTDmmRUAH11ImRY32xPwzVTYlTEiD8cFKPGGm4B+w/HCSbSt9CRnFz4Lv7G1Xga00fSdKyaj1B4mIFyIjeNgLc98XeIn+T98eyRHvjGU+MLzX4R984iz2aWoVKmYmd7bYSNXaKc7+W+jm/bpX+VVdIciE21x6C9LYW6a1p9Gp/a/g4wwdu0JzbwNwl4+qOfct9+FynSabgj+if7jE5ds0w6RMpqz4g2nqTUj+sxH2YqcPyrGnVp6fGQyhTAuxEAk2GLVNYYEi3sjl/uV+/EvCMyPlDEzesAIHPvBFjztzwjbX8D9nnBeHVaClKiFXbxkSSb2Gzr0jf3dCCluYPxcf9fBDj7d5XbSpICqI36mR4HtfeL7zJwO+SEbU2/NP+FwHK3bOSpUbavIj2l/7/ExcgCx3G5bqOrn8cVvkzn1Kn5rf4fGwoMFJKsIO5U/jQX9IfhgMJ0vjThMtkgLBatD7EY/hgd/CnWvl/wCmN45p9Zfvwn5vtrUqUKYcIAkFYHNUIE388ScR7RVc0KZqRKkgaAw9KJ9EE8umNk29/gxwW1+SsCR//f8A8gYjq1ev6f8A8nF5VJHr/Cp/d4qVdQawqD/i/doGMxqIRUuLjcetPP8A35+4+zHSM/XB4a3/ANtH9nGOd1Wa0hveH/Z+/FnPdqqvcNQhNGnuza8Dw9d7Yrj8/sRy+Q28UopV4YNQkrlw6+TLTkfv545/xPKIoyktIcMzbmCAIEC+8e7yjBRu1lT5P3ICaNPdzz0xpnfpgetZq3dMEWKKVBIsSpUqu9iZI6TfywJxb37HYpJa9y1w6llu7XV3pqXnTSqFZ1WuFiLi/Kfzq1ViHYTEH6cfZ8oX7hgjwzigWgqaWPpXkRcsQR5Qf3BbEYYkkgNBPI1B+j+GET7KOir3v1v7QD/9vHj1/rf2q/4rF7W3Rvzq37WPCzdW/Prft4JxXp1vmwQQSHkENq5Dnrf7/dgt2d7bGuskw3MED8MC8xPdxz1nmx9U/SJOEzszW7qrpc6SVtvfy9tjiuHtkc3SOwtx+pyCD2yfxwA4nkxUkqFpk3OiQGPIlZib7iDgTTzeowCxPsP44lYtBOljHsn4Tizp9sgm10iTh7ZhWdaxpClcg323Ia+0Aj3jF3hvF6qoxcsADsUgimqyXbmHZH7wj6sbzhfynHqRq6TqBRlmR9YTz5b36Yba3DlNGpvUks+mbVIZ6ipY3TU0SImw2xHw8cH8qqy0ZTmtsIZXOUq6U9SvpbWyA2DXALxuCQSyjzJjpczHCDB0ASx11G1H5xgCulRPhLgnVyuN8K3EeGVRSUUpVyVIqM+nQFGmmom/esrilMcmJ5YLvxT5MlJxTPdGKdOmGu8gtSIB2YGVb/eTywytbXkI42uPV9+5Y4w1SKZfQAap7oLbVT7uoVkcith/SOF/tSP4s/h5r5+sP14ZON5kMKC1FQVWO6GRKrU7xAeqkg+cnpijmaANNpuBBg/lDButHd7pfg5dPkfzcZjoXyZPor8FxmDyOoZEaarIysqhQRUiQxJMryiAAff8bNXLndWR5NoMHYnZovHTpgbk+LpVLd2NYU6S2wJ5gdY64A9quKB1NNfU8RIO0AiB8d8DItbFhBN68/6hodSpurL7QR7N8b5fMIG0lgGOw1AE9YHPHIsj21zdEUxSruYZw4Y65ALsAdUkQOhxZ4h2hqZ8h2ZUCDR80oBYm5JJO5Ec+W2O+mInhOeVS1r+dBr+EOBm229FNygO31nHTphZoVATfT+dR/axlOgqAxrBO5Egn2kVROJMs996nuLf4gYhL1N0dUiakyzyjyNOf6t8C+G1ee57wH4Hr5/vtgs9S27/ANIn8a7fon3b4XOGQVYknwtcDpcn34CjaDJjrXrKSXfSdUSSAQYEA+O0Wt5RiNnpdE/No/qxHlqApyqGN5IYtLetvUWwPh39XniZ2f6f2j8cziY66PaIonkn/Dpfs42zHdhTp0g22SmOfkAfhiFS30/6y/4nHtMkz452sG3uP9u36J/HHBNszQByiHnvaZshxY4pGimBEeceR5g/ccU+JZzUr0EAmklMmNzNAH4SfuxYFcvSQnSIIi/lzuI+OEUWpq/ULacWV1y46Ae6n/c49bLzyH5tP+5xu1X6yD3p/e41OY/2ifFP7/FyZE1AAgwDB+iv90PvHtGLubj5O+1w3K4ueeKhqEmNSH3r+FU/djXOV27l1jfUB1kk4lkTtDQ8y6SPkizuUEGL7b+3EvDXAy0iDCsDz2BBnnuYYfXU8jijUrgZVFJ8RUAdZ/74E8N4j3PeU2LS88phtJg+8HSeojpjscbv7nTklQwcNyh+T03EbEGSdwxG/LxD3E9HxtoGowk/v/uG+84h4TxRUpd20z4hYCJMwd+ex62O4xjoSx9A3593/wAzg/ZileoiaL3dCP5H7D/hcQsq/wAy32/4bEfdn6NP40f7zGrKfoJ7jR/WccMSVFhB4dPiNv6H5CfdhBrvei3Q6T74/Cf3uXuvalYASW20/R+rbHNcwzhfEIAjl7vxOK4VbZDM6SGcVChvty/f8MH+F8aHo1Ljkw3Ht6/f7cIqcZtBM+UD9WJqHFY2Rz7BiqjJEW0MPC8ilbOZsTIlSrD2DF9MvXyzioniVZAMEqAd5G63g+2N8BeyWbqjMVaoRlDAEhgRPl57YeVzoqbeE81J/eRhpUBEWQ49TzE0qw7tZQqNV2IIYgkiCdYBvuCRFrsnFMslQArSV3J7p4k6Fd4q6YPhYEyWAm3lZG4lwcG6Qp6eqfZ0+72Y34RxSrlad0s7taSC2mAQDyiYkSLxeLRkq6LQlffkN3F8o6GgO7Ugvqq1Z3fRUUaV5EyWPK4F8R5uyP8A0f0hjWpxh62WFTujTVai6byGUh4jzFwfjgTxjiJ+T1GX0gFj89cNbbESpUTd8PL4jGYTf/8ARZket/Vp/sYzDcWA6RxDg9Wmvd0lVQBBgge4AbDC8OymYqalUBpEHSwBv+VA2xmMwHvsMddC3xPscaWYy+XRG1VXcQzJJhTNw0Cxxfpdkq2XlVpxe/jXf4nGYzAydIaPbI8zw6rzUfn/AOWIMrlKmsgD+v8A5YzGYlxRTkyxWyLsIIP54/ViGjwNQCBS0g76WF/bOMxmAkjuTCFHIdNQNrhoNvPEvyZ7nXVnp3lsZjMK4odSZeyXCMzUXUpqxy+dUfiMb1OA5k2PeEdDUQj4T+8YzGYHBA8SRTy/YqqjtCPrcaWJdDIiPpRtGN8v2XrUjpWm42/1iefPVbfGYzBfZyeibM5CuilmRoG81BztyY88D2Y9G/Pb9eMxmH4oHJmsPBADD+mf14o/6IqMZBbcncczO0+eMxmO4o7kzZ+DH6xIM3awIM7T5YuDs07rqNMljcPqXkek+UYzGYmtDSJaXZ2qPSpknkQ6D7MXTw3MfQI9lQD/AJsZjMO0TjJmi8Or81b/AIn/ALse1OGVAJKt+f8A+7GYzA4opyZVr5Gs3gCcyfSHMRuWxRXsnVK3px56l+BvjMZikNdEcm+zReyeZn+T+DJ+1i3S7J5gbU/6yftY9xmKcmTLGX7NZifQj2Mv68XF7M5g+qPzl/XjMZjmcR5jhdanHeELO15Bj2Ylz5RqdNCQQoMiObMSSDFuQ25YzGYBxdVf4qlKmNelpEnlJN5jrGBXFuEZg0ak0lAIEaWG+pTzbbfGYzAQRU/0DmP5o/nJ+3jzGYzD8mA//9k=', 'trongcom@gmail.com', 'Trống cơm', '030369222'), (3, 'data:image/png;base64,iVBORw0KGgoAAAANSUhEUgAAAOEAAADhCAMAAAAJbSJIAAAA8FBMVEXtHCP////8rRXuHCT7rRXuHCP8rhXsAADuNyPtAA3tEx78shTtEBv9tRTtDyT0cB7xYVrwT0P3qaLybGHsAAj84uPtCBbtACT95t/84dzyc2v3qavtBBL//vrwTUf96+z2oKL5vL7zfYD6pRf/9u/+8vL4tbfwSk/zdXj83t/5w8T70tP71Mz5xr/vRUD1l5nvQUbxWl76zM31eB34lxnwSiHvNiv0h3/0iYzuJi3xY2fybHDvSEzyXCDvPCL4t6/3ixv3o5rvMjj1kZP1l475nhjxW1DzfXXxUiHzZR/5vrb2hxz1mI/wRTf6zcTxXVQtWbypAAAgAElEQVR4nMVdC2MTt7JeWyttvN6YHOrYtHGaVxNIQiEEKAmUVygFyuH2//+bq9eMRtJos2naHrXEtlar1acZzUuPrUb/Qjo8PNzZ2dmkSf/e0dn/wsOrv7W2w53N4/OTo63dxxf7r17eP7u6upTdYrVaTSZznRpM+sdkMlmtFotWXF6d3X/y8sH+h92trb3zUw3+bwV+W4SaOsfne1uP9189Obu6bFcGxdy1vetanaRPlayiBPnSFGo70w+6Gwz6SScuz+6/1IiPTk4Npf8XCA93Tve2Pjx48uuVXFhMGlFn4fj2iypLWZaEv8kVh1pDtoBX3eXZk1cXu0fnm38N6s0QHh6fbF28un/VWVQGlKEOaaJIKCXiL0KELFEomfwwcA1aQ9zLX1/u7+6d7vwDCHdOjz48uH+5AGCIKjRF0g8RMjwulop8Sovhb4vVQhVnry62Tjb/JoTHj5/MAzD62BK90gskX+BlEeUPQw+DWdO1s1Q9uzi5LcLT/VaPfEnIIHoxRBBFJa8pRxNhdY6RbS+4rhDYjnbVzJ/s3QLh3q/Nqu3pXkQre0hgQOJ1IchIJXxMPwS5SsaxoKVFGBZdIx73yaAehEdnTcchitGkVJKkTHRNJDwuKnE9c7K1pyRuJ91FGWMR4fFZ017z+FKLKUi2nXhH0tS8SKi5d2TIyWrrpgj3U/rFD+XbTBkJixaS6L+cV80IMjJgZXP/+CYIjy8n3HDBviTNp1hZVIyqECJqccJ3iXwJSER+QxU6vGt2hyPccgzKcZEkgzzrgLQBidrsY7P45l4GKPCQJuPLoQgfNBKeKlFAA/mkEYwJi13LbVBAxhmySsgXf7+O0cmAd6VWl4y5wyB82STNSR8dGiWSKyV8WTnJVF+qjHZogY0rz/mdzAdjjvD+JH9oSdglIoBrssxyemVnkTeibpUkLxoR7fz8WoT3V+ygoM8LXwTTiqz5KUWSlJFTUIIxtkTSvMgg1roxpWKK8Mkkqc8+JmdYSceQbWWsBQX5I6meTlpMWDPmBt4PC7aRK5NaSFJD3OxF+GAOoooV+jK7xJFNkr9VfknE5eL7g6BMhiXPwyLAhdS2hz0It5q0+ZLwyQ3M6OyO8gjkBirDM8Mfuvi1jPC4Kcq4vvEvBFMqr4RTr0w5TryEjPzePGd+UUQoeEu0h+uqhPFCK8sCJzca4uqu1a4lcx9Tc1JAeDEJDYxuzTWCTJuS0xhl3IAW9yi8cmERZ8pwb3vFIzxtQqNArpSfReSjxE/emgoN40SjiG7qsQHpV0G6Mb7FstRkn0V4xngTPMIS9IIiTVRW2thSHZzpFCoGXQwaCa44pdEcMwiPmpjrJDeY8sYSCnkqBU3G6LdEB8SJ1VDMTzSb+cbptHjJIDxr02Lcz55a+VZn15CxRCqRJN92RgYklxg50ZxmCPea65rY91wYt1lmznQVI35LajDm5N7GJWZC9yRDeNYbs0CmLxpdeWau/xIJmHQSkbpCBHmXFs1bwChJrTGOE4SnTVZmUBQoK5J7xwURW+L/Hmclvb9Yg06r/QTh/iJ6dBKdH868aXnUI1HTquwJXBU576ZDQyYXCZPIRYJQtMzAimV+Dw76uxQFLhs5QcwTOZyXFdchjm8AWVPlTIphojC+BUrA3EYjj+UVQMTYVvr0Gy7cBZF0CH+DCKaNZtOLCOHjSd+d5Sy+mZycrGiPQUYBpdfmyZgnLOiCdeFuznJuLyOE9zusRWS2ZN7l3LhiTBaeX0vkjjQmnwTXd6k76TNls0MRNlhrVEnmoyZ2mcsTCE/kdEpL82QfOnZ7rqcyWHgPwyHc9PFDwlEycEX+nJQ/stYW+PSaVoo0W7DCR4JIYFQj+TF5TBCeN2nR+HGcHcXOgbHN56yEpAsybFw9pVKkH2hDF/sE4dYcBiBN/SYnkbQCS1PUITetMA3qp+WiC/45XF8VJvXcw4U33BzCixUhL+0ddhQXG5T5D8xv7IOS7VIWUbEWyz8TPvXC1CF8tYiEMXd39iUeH31zpEkzQkZvP0koIpKrTH+nTOzYpyEIf4WZXkZWpreXRlCCsaTroq6kngc2gHFRSqZtMNu4y81hQHhVcixKwyOE12TP2I1yZCbOw1VGAWfaNTLW/PNDZzHqzPuIDuFKhgfmAivqQRazyLmwqBiZe2nFpbnVPCJT0GShvFOIFuFOE98WPTLT+te2NcnNlEXStMHq0v8smBV53GCyiwgZ5zCqAkU1y0tI4gEE46sfdLdI7mKripJzES1CF8FgpC9VeiFTMlwZfiYSJ1GqMvpMx3CuQtmMLPlmJgVdOMoi3CUTThm/F1w20U2GpC6tpgqDHUc+L6eTzBtyiE7tr4hwf8EQLv8eAe827g5JP3TJzYEfYuEYPYw+KQlWiJQEaWXwAH3fJSJ8mcaCo16u2G/Nw9GQ9AO3aCWrM841MSinDjJxKciYDyUKglzODwHhr218CVC6D5aH5GoQwJ+amACZHUDcSgcngKLPpRqSCEC+j7DGZhMQXrbZxbx4nBafBiH8o0maGjW0R4RQR65/mKZysApkbs49wsM5celyBuVqrJqfhzPp9bKwigeSAN1Gsgo39Iqh+ZFHuMkq/L5bK7n4aRCTrorRvh6I1z09UWGSyXPJ+sAGYez/Fk1R+qP7fRAJHzZshSW5HZY/XK8aImOPC67ob9YHNgiPMpNGcuXJv2r+dhDCFyu8OTaHKIxcYLvHSJY5o2oSc1nQmQGd1b30CI3CT3uOahmRuy/NsNXk31q22rjdRRTXeS2F20OGVfkG4cVqoGmIqftzOJPyjUOJGkQq50TnBhV0PeNnZPfa2W6D8FUXdXOKNvecxPzuIIS/rVyFPQKjJOojCDKphHoXRcvE3GeW1hiEEA6u+mNeBHNz7wZMSitgsSY63/UxQ/dyg/J8988MJoOQTh1mcRGcIq/CyG4fDQL4Pe+UlZuVJM6HSfqJc9tk+GImETXCw8uWu15VeWf6qla/DUJ4d5LZ27nllbfQjMzr7LGc11gNZOIYBuGiL0Yh0n4Sg63u3ztSS0aNLGyj08wlEoAll6N6wt0yDpZFnWDiGBrhziQoWjcI/NxPAhcb1P4yCKC1ulOdl2gh91QNarms1p5//vxap8+fn69Vy6VBmnYII23SxkVfjdlWodGWdnNZxK9eDEL4dp7XkAAWBt1y7fOddx/r6fr6+tSkdfNl/PHrnc/V0qAs0ZKDlCQTqanYKI1Iv0SVDGTSjcQ1zKWChrf2+uvBdH2qlBqPa/3PJFXXY6U01OnB19drMSmhhqJtF9VvZkk1whOkoay46XUI82Hgc3E9OsukeD9rVGt4b55qdBpbPXbw9Ld67FNt/tMwpwdP3ziQzgIt2LRMjv6xeGURHs3DZY76gaDu21DXcM5X4b7PZtWdA007g6422Bys2hHSAq3tV03M9Y93TPmoJhGJ5ionqv1qJmeqEIfqd+PCzfM/BiH8YVGubDb7/MzBqwGPo59FZRAjZFNEk/Ld82Xg1jw6XEjtmUV4sQpZ2EW4Dj9TurIZ5BqO1optmC1fH6w7+ozV2MP0fGkGYT32fx14m6vWP35ezqoqCTBHoy4WGmbUmeknjfABdnakj0sN7DYGAXzIGTTC4RuvK2BDA8n8XytHvBq41XGuRTe2ckitH7y2GKnLe02S4tAgfNLhlEFk8hTE8g1dQ/RQvShdPjf0A7E5BslSuyFopKiTOgGqxmdHaq3p+GaJCjXnsVhKWjSLHYPQRNpik5z5VnkfUcrJMCb9JZvOsgRcezdVFkk9BpwKUVpSgTBVNUggg92ORz0g31Wz67VESPNNg/CKiSVGgzrKHRi/+J5b6iiWX9QUZIjTDpZsNQxGwAoiVmO2sB1IU3Q6/rIsDUVmUGrTu6KxRMYoyrpmchPXkCapCfhsXVH2dIMPpEmAaEmGitH/qB211bolY1Y5l2w8sRodcgvR0s5H20k23w9C+KjNTJjl6+l0jCLEwVLAmMrR1A9Ex7kqGqmG3jZnOn2+dKhy2xnxemnU7GmEO4tr1EuEdqBreC+OdZvWzL46CTpWSA8kp+NKRysnVrwkjdE5amqJ83SG4OIpjhTJfEsj3JxLWoBFJ1BCr/47COHdefRkzaHVx2lortUSQKUatD4qxlp5pe+JCvrSj9B6vP5M5Jwa2hyerU3vanTc44nnhvxAJv0zsbpnbw6mXi56xQfiRdVEejoTVTnVUWO5cY0Gqx2w2l49WJsRHVeVZOnqsUZ4GizkKv0WnDDfMe23QQAP5/Hgnj2f+gYjOcCYqVHKBMasIz/DEduNUwV41fjNrCALI4QXGuFJtLQUIEb+U9Cqf8U1FNXs89Q2zjTNSn0cjRaqQvWB5Krhel074VM7kWtYwN2j1PMZ7UYWqFw80AiPGEe1kMRQ1zBiUjF7DUrC0055Y6Um8kSNkX/HNVp040BboJ5jbSNvns+itkXQ/Gf3UiPcmleckJHpT2sFzbeHAAwTMubTUNAxpCMO2Co+BzB4BlT2vxqxer9D2UFq+kQpb+Cp6RuAiEwmkvBGd18j3MWIGKM1krDG4odBJPw/atDMPns71JFIoWKvnUmDGgF0BspNK27A1/B94HG68tO1WUa+2P5srzTCx5n1UYUeSbi7GeYavliEG2dr1nJWaKc5BlTeiXdqThFYwIbeBlBIYBBMtecD/XHAR7okUku7TxW4h1aFRi5WJqqEbAYx6YgcyCAqaJ1TAd4jhGGpQPmNvQRyJrbrD1AQxFN06hEH8PQgEzCxcpeVRvgg9cUZL9H2iKi67wYBfNiEnl16RY8chhJTKR+eceISFYdCf0IFPV97PYh1efjTd8uE7+KvcqERvkoQph4TSQPjFy9CjcunU2+luDiFlyZOGoLKGCvQGXVk6rgecCNQAd1RnzjM60+XpLVZaFCuDivtAIc8kEkipiR8Hxi/6PBJWk9Y30CBHFFBZoCR6n0LpWowUMGfqFFF4kftST/20YFxojPSZBHeD3NrPqCYyBc03QYaNBi/EGJtagWJFyyx/eW9YM+DXsn5wVqDHEJbwJEazAD/27Eyt9oYtqDLyU7Vv2ktunXyfhDC9zClXC2fTcNQGqMxo2qMP9U0FOUtbQzSANMi0Zw1HsJXdnjCUCSeMOG/+WblXfzYCeEl1MBZw99bf8vsy7oHRdxehcNPEQ8KqeRICIJz7BwRBTFGzHTIHQesv56RRibEaTRC6+InPgS7RGAgk97zTGp5FE3sGtsGIxDBg22qUDfEYaoa5EwNBHZEVQD2gDY8AdscV6M8jk+X6hAJNNQ1nPgbl++mqM2gMTUKyQABvCk1RlUe7nG8GSCreozGAojo6dNl0YFvTqtR54WLTDBlKyFu6BrOnq9TWoA35OxKHFkRsbzNiiwKgxEi4XVUCPSN0gYqnZGIomjNeTVayIQvo6mBQOGBs4aHje+x5QE0VaEAsVamIqaYYz/AqqjkCeEoYANzbxiL1hZXllmnz5YEFGFGM0daHa4Kqw+rROQMnJB5O3djWouZMFpA2QXKec1hLVOlMOob8PgpGhyDil5RThqB+tFKMVhRAmPGFuGeQVgKxcEXd735v0EIYUJmdqCUqlHkeeNUURh1jIcodkwhrAgmbV0Db4K/YrrgWbBsEjPsqNpZpRGq1MeCPhnmGvr+staM18++cX7sqOACBhjeSPV/VBBPQUH4gA7aNMgRBiUSsaIGmbAINydFORRhvJFrqBF+DPaH8lNnIdIC8UIHAcyUGvQlCFg3K0OZvEb+JUPUdJshomD232qEx5Pk/CMWXyUHLij95JhUC1JPHktD553XEPJ0it03FwJsIG1TZVITFxFzled7H8ZR9fqaiJYCgWk82apO04OhQqKzWAMnZLYrN82zfAZMVRPtphyPAaVqPz/jLW7U+MQehXELARuUujiz4a9On/IGeIIwVYKkU27GpKJSKtjLgMOGJJDZMEZj9TlEoRxl/Ei0AxQCiDCN43qLWPB+ZQN7AoPQCM8nVRCv0XXqqA+dkPGu4ezONISt64TJPJ+i0QUUhuwwgCHboQNSAziIbDgeQOvUtDeg1QhPJgmcdER6C/Yms4ZSy5m6JtGLMYgcK1e9WKwxYl8Dd4KvH8IYQeLaO2EQh1EK/qZ6lrKpiBGWkkfbDps19Fa3eDOlTYHh6GZGgySsMcaonAmjQKQCUDRlgW2D9TOGGI/nWDVdE5HrjjTcmzBTNtn+soFM+n7iSPh06pkRJ1U8DNLvNZmzUH74oYCFgennR2twuvyABE8fJa8utv5lFkOwfxzCCvk0Co/K8Heoa/ittdVokxRahIIislVQM9aAm3AjUsr7icE8Q7YgjuIYZ8xJUCrgpAgDdK8lSJz4Jq6hNmbXpq6hTtVHg2vsdSSY18SyQSU/htCw8pyM8/1hCsdfIvEAG87IqDjZNQgFc1Z69EsMjF/4BaWzz1Mwo5FmNbi5CmbkDXm9NKnRVgXSICMj8R3jegclRAnGSMuamt847jTCo0nEnLC3VkYob7CgVN80+zodo22laohdI92sSkDFCCZNIAdNGK7ystf3yzh4I7UPTdZO6YvIUAGECWUTVh68Vm/b26R6GILWQ4tzjARDmnjTBiKhTtrA4FSRslC+q2q0c7ErAjWDg4FiUjiE8cwoNwu1GDZr+LM/V1JModMDVYLjigJRBRuUzEGhPod+UNgfmF3XQZSi8NUFZ1W2aghpKONLIqbmzVxDbXX/j5IJZkhioQmQNDnRYm0o20Gu4fYCVpKu/Y9SJWCLabDaMoRw1h61AgbGL37G6XLxv0r+2QSP14dUlmZzaoP3Gn6CCZnMdKJ871bKZ9Z9ugCYNEDmWcWUBpoEY5cSJxKc39VA17DoeuVmfb+7HTWyH1JefVyDRZhKUGiD38l5021cztJru64jTrdsJ/YVQS6W2tHUxj87EV23FhWUhAb5/KrC5xC0ceCQ+odMvzqBM3BB6X/pbHm78d1335GfzX/uPtzZ+f7tRtPpRvzwHUm/Lzboz+9auSK/dOnuG5acYN2XrvsWj+wdEW0iUjqExeSt7mHv6Hnk9hqKMInzC+w+7BZG3dwzMfN7P06S0PLDxPVs5lQ3fWvbbyjJt+8aPrHlH9nzZhx7fW+PP441HNo0WZwmLzSQSeNtXHYG4Be/NLf7Ubfx+180l5o55E8TS8MN0wefNjwNN94brIY4G52NCH36c8OmSnYmfvL2940Nw0pmKZLtPbP2UZrHGHsSZVzq9FmEx30Iza+buIY4fYAIjeKZ3zNLbDoTsHtoyWIGkmvnSo8uoX/NjdX0c2NHmEGoi7vkI0Sf5voOffO2HuMeoev8h2tZ70YYNMJSvBSLDXQN7SNxXUOgoXQrxV7Yk6js2k2nN221P/rZWbF44S8IF9X7qfMv+/IITfzHcoD2QBGh6bAfbKd9VzwgOMS8C31QieGuIbX7Ag39JiI3X+PW3zZmzEQIK0To45Y/rcnKv8vM0bBZrMy9ZrUVcqlu2k+NNUcesmuuPcLDVb7/lmYM3GtoBgiHULjTKWDa1BoP/2kJDQWLcLTt08qNw7ufPr2AEYc01EL+vytpBeE3mOaVyQS2Q5gRuCJ6ZaBrmPAJoaGcbAeEdr3KjxRhREMBCLff+9RVXYjU3vs2qQLCttMkbOaNufVtOOY5xJjM//M9mD8sJCnXBgHcTlY9B4SOq8B1tP1ld9MUuBTG4XyysqkSFuFvjzYM9Y1ekIBQi8B7b00yDehkCMBEDTlxc8CBclUV77sZuKD0DxwILiACCFEYu/2kcrUNko9HKGAcduipW4SfJl1jkNwl2qLZHv3k0ojd7OiE+nk1alkagun2F4+h8QjdCw6Nyn5oRU3zfgRuZEAoKkbSgCwVDqGWpa2Z3tuuUNJoEfPQvGpx3hhZuD1P5pf8lnCDMDq6hRp15v+Bx9CkTOoQ/r5w1uTENP9us1o0n5Dc143Db6uFSZ0k2sIT0SPUHxud7QUrvl4w+9Mqt1Lh0ltb4LxIGoUaOCHzM1W5tuss6a00HL2dNC8MFV98+sOyE4nAMtpCVvN7eO/2tjYPAKHVW9swDlc/4JYHa3VxElO41SbReXue1NgJN1qrRwzf9vI9HhX1qatW8r1t9k9vH8H258V/9aUrdBHMqVO+lvYROWfqF9n+qD/+NI1cvbh79+1G6+5cvHiL23BXOufto/AOPErDTbvqK/Ub0YmV82ETMt+yOtpVdNyXnDTzb9+6Zg7dKSpTIHRuq39BN7XkrDDNV60vKKqF+2bu1Nw76VB0urpy50jK+Q6sTQQCkpU1xhMbttcwtwsjZ91vr29b6wKItGzUtT4v4TjOYSZGdrlKu3LPHPQl83I250auYRyVjB4nuEtJi0Q1u20SVbLF1K2+zNYI0+vDmNS5hoVwMv0C+CRXePb5zi1T3IlWMJs1wvsLlgnM5YGu4U+84ZdgDDlBIEQdMPvoThz4y2k8q4gD5yC0GuGHFXlKnAa6hnBKC3IkZco8tMQE1Gyz1qZhlh9WIsDqWxWm4GBGGeemYE3N9F2+WMGu1X+chTGCazhsrZ62e+3rm/96Mg+b3ZmOyYTi2E+wutlvnPKocV4f5hTHMBM1tVOkMTvZ/Ra7E88wKJyEzxi411Cnn3/4z23SjyauNPuo/L5KFdbLuN+419St3VOwK1jhrIe5bqe5KVNUdkO+3xXEJTlwQent07ZdPaj8bH5NlwO5RVFjWNnoJqGUX5oDV92czUHYyo6pe6IR7hX3Hw5l0lunP7RB6hbC1XShgoMWpkFxyQmZ03Ir35M1Q2iBmoMxKnceHRcAGBi/+BuS8UyW76a1X/yDU8FhPi5M0imC3S/TcGXXP89SDMKcy052WBKTwqaB8YvbJ+cM+hUp49DwMQ4zv67BrQsIXBvW/5mvHBuuPph9wKlfAH8Huoa3T8anMEzqSQdHK+CyN6CmX1Hj1k3BzKnXHGr6dUnJ5JPdB2wOUWJV/sBtXLdPxqdwy979iqJ6HAQl7JgiIGH+3G9TcQuN8r0zNr5g9nIfdjKZEvVe1zCr+29IV9okn7mp+7COykkQtzzI7nuCfUBAVly/4Mbpx1kyVWfT/MicqUDinIKU+deGofFMxJt1pwZgFOISPtg25QenX4sCizhwMV+yIspjMW/xqIpHzg/0K26fzAETM7fHjSwgpQsxarq0qIa10iGZVW2FkXZqECZH7knYAzRs5vf2ybjPZoHKGFZWKnuYhArLa4PAQdZEI9WtrZl+nVXZyXKVPUnYnk8TwQaeHbgA49bJxEDF2npQfDWhn7ffAl1xuW1YAGc4ecoRUENe2fNp/FnXBLpx38TAEM2t0/uJMExKjjPDDRa4pQu50w9AfxlW3qjp0yXLpebwS41wfxXj84HE1ft/B6GZxXBWt1teGu//DYu/yQZUtAUULIDElgcU1vB250S5zdzRVfOnGxZIvG0yx7ppJsVliLDuNJjU6CTVoA5xL7izwJU1SUUAhskc0VqNUufCRxiE7P4VhCZ+OvsyHaOnG4D5nT+1X2hK9j8Fu9u6yAdhyiKOC3X33Yl0uKs19sn/HavNTFrNngVPAUchXd6mwkFZqFIUKE1FF7FHsRF7VHLlDrtmondi4N702yU3KeXW2o69jghuhV2FiwuFnYQBDwQMuJpueoK2ezKa464r8yZnEsenccV/Q1/8AVa3J9UYl5o6hx4W44+92g+2Gm5RmK4J9IoSgbp67M4vnRdCZW01bJ3JbZJzDfGwC78zg56XAQ5vOA4Dti04oQr2WqwNXJpvuTNo+TkNw8aPhsVLb5Fs7yrvGhK/IYzKsTdTQ8xGoaoYu63cwHgCudCnZs8hlMnr00PoePHLPxzIeOiY1CmDGndZUhcXhKi3axRdTmt2JXARWUR47s6Cvorf0El/tM1v/ygZzazf7Cuc4UXQOPIh04Zcz6Ugk8IZNRQBQPAnJbsXePAheSFXixcPD/8xX9hY3bMDBSoO9vnSiBREFlHAkN1tjNPkudVPUm46hInpnZxbLhdN88uPG/9I+tMsMHi+rvAwT3+6AAZ+x0GieOMm7F7TfbH+FRUFt/RTrvyZ7A8WAkuxXpaUbfePJMM8dgsRbDRQgRkBWjgspHbcCWG2ui6c3YLNbi89QmOYFiZnuOkwke4fSi7H9m8UH4nrdLnWNVSEMmN06Md+v5SiIdIaYlRuk3q+aSs8zxxB695vMeehFBboSvJH5FdKGSDKE7U8e7PuN2qRPYmgG8k+vCjSaOFPP87Sx8voYe7l3AbhSR71lrSjYR4jKQEzm2EGKTD78GSY1G0OVh4VuH40CIx7+MA6DwDL3GSPgrYIT63Z5vdBM3Nf7G8R81qGLJ7H+5ht98GkUJ7EO8CIchyjQRP2YE6fhSnffHeve7h96bFBuNPkNKJztqm2FCl/Muf8ywiwqMzJpXwCRIE5wwb1GkMyyKHWFtdS9F16kHm+VF0ao829DQmWRbFvVgovc3R0ocTJsObJ74JYwtmePtRrFYTbD+VVHGw3hJN6YOxZl9dHZLwdp5Q/HqrAP5BjjDb3Rqs0nlgUloQxQ5Q1Gd4hLwxL/f/yjjvqBCKeKC7R8gQaho2n44i4flufEUjrr5cM30Qy0CT7EkuL8EmXSxJsdJlEkvxleyL6PntTT0MoieyXhY2vTiH6cwlAWfjZF/ufn08cm6M9kx7lk33fj0XILscQhU+uZtEnQBFi9W5d4Q5YaDgcXoJnEYQNpspvygsRDOsmr7+zL6mIH8hKkRbfLGcXKwyS8ZR/qTDqQV8Ft3v5xZ8kDBKSeA246TkMQrABQjhY98JUvV7mz0ksC9co+6ogh/BoHo7HIlouNRdKRh15DgONJnsaNJyfC1YKnWIBveg4WMFeX38Sn4nev1ubFaunSXqF7xC615Jxb/LONAX3K5UwkBlV6LffLj8fTGF7LwQtAlKYYvJucF0DmT2+9YPnS5G9dheemkBHz/YAAAb9SURBVC4FXjxAhMdNDCb6hvXhB991hOIcw4Menc2eqimcfjGu8cgFQKTwAMIayaxckGqq7ixn8fP4B/m0+oAIR6nZ1mNX55QtFmRm7UxyGP2UtR+HMC+DFAtBUR+ESvCVWxsoYF8O6BGybxhPjITIpch1YCROczkXY6ye2tcjEL03DmjwXAXYEmwurB/cMQdcs6ZvybixL3j0CHGCTUrSoHT5O8sXIr6anv6WjWOXYV7hMZ2GxQhe5aGZFlwIM0E6nT57PmPpVxTd5q97/Z1D+KS7/o7kaj666fCNNApTqahmy7WnB1M4YXhM5kSjP+aNOgdP15bCj2QJHyU7mshz+ubx/UVobST/Ym7k8F/3ltAqk6nwYd4UdEdTcuptVJyfB4/CvGJGPfuyZl9xRe7jn5Fzq5t4cQgf4zbLwlpavMZ70ylxB0giKxLEbFl9fvpMmTc9KXcKm3M47Guf1LOn5pVPDOek9ZAfoSeshw8Iyyu/2KqpVOFkFMmBkZz3BDZptlyuPf/y9Ouzjwf20MHxwcdnX59+eb62XPZ5SNHgiQSQf6b1fwHhaROJRxlxA+tfpk+KdSbzo3SjZWLBLWmmS85lQc6V2yKc/wsIDxspYoRcQ5hGx8J2EKDwW2C1/QV7KiRHCGbJ+r+AcHSZeIg5U1Gllub3Nk+WriXCS6RZJf5nn8cUs94hItxf0BtE+uREwt6oCWwdUSqp0OS9XLw6LkvwZkQR7sESzGtJkj8j+RF+X285YpGoEqpqg6EbO26ZceXfFOPGkomq2VflBoTu1NFUfbuBwr3jNW0UPi7is5LySutIuKJoCXEPL3KpH4aAMLFq0l6OquEazTOsYzLsfPslY3fW4rkucRIhypESjhEAhFtz2lfX93zRQSrfSrut7wW63G/gQJku7Sqa4F7fB4SHiwIzcg8uXSn2aG81EcdlPdcvpMpVN0cJQrcyquKIk8y2FWAMVWIM8Qf1LTcaS2VNEEqMUoQ73MkDKYlYdFHNvLcRJEhWg2X5IX5Z9JCsVFrvfDdDqInIKOtU9BP7hmSQ4QIfIrbTY3NcJp9wV84MDHtwmpn+sAI9kJAg3CF7hUW8dqFUKVeggjdxlkUurYxKJ5FeFa6T4xeZ5tI4vUenZpdBOPowZ1oR2i8TOrJzn1kagHNoKrwyz3VDbDK4SGmGEKYvZFkE8ynyWdibRCpMeHMBzRii+eFOsCbkta2SEKHJEZ4yu2dITl/XpyPxmlKkMT3lSspVkH+5h6LvmuyPeISji/kAS4trbBakFdDhrOwcrltAZEVzejB2kjbgN7tAgUc4OvMLokV6E/fk3pTpjEieyCin/ACiDrlATHwVs80740sIDxfpnm+R9XpiHVOa96juUN81wDIImS4loyYLuZnCaM1wCEfH/pgCkTOr53oqTzlXIJYEpJvxb9RjzK3AkwXtyJSPKm0uRn0IRydzWVBmeZQtamQePw2qjtKf0+vRncyj+4ke19fsj/oRjo7SQzx6ZUPUG5IV5QVDblDjZfadK0/zmlcpoAzhaG/eDtPJQVD22jxpS4t5WfeU0CQjGc7ztCz6IMOTIxydNy3GDm5ifsAphFyjWFzX9Uaq6QqtIUokHYMFhKPNS3IKhEj+laov6NFEBF8jRiO7iOaLrGuEt9egcmEWw24xaDiEo9HLRoKOJWHyrOGSkf6SHFXMjjmSKYm4H24DlNJKHHNYeISjrTl7WkbW7OQg0lj250YaL9/zcRxbL2xKK2+ZIdiHcLTzqiFHQVzXwc5q7h0ybGSmVC8jwtzPVMUDA8n51XkBSQmh1oxXBmMUj2SeSgYI2lUiu6eMJ6bZYMEWT8S2k8WHIo4yQq03zpqOEX6IIufXyISr4tIJ32ZCxWZE4hMex+EnVG7n7eOejSF9CLXieNk0i8jm7e1lFG6paiOCCXOg2pKAFqSkTFAH5N2kueIk6FCE2hbfezVv5quuJcxYUvA0P9NlTCnEEBxfIlsj7k8qNqntFpOmub/LCtAbIDTpeOvi5ZU5B3i+WmiokbhnzOFYoDJEEvGfGyXZOmRNc/lk//H5gG1LQxC6tHN6cnTx6v7VStc+0URtE1a07oh0y2j6ZXzskCcXe4Ct5gbY2cv93b3z48FbsoYjhHS4eX60u//y/lWrHzifTwxdW6PpZCrKy8CyazAgiUdoziO0sAyuxeXZkwePj06GA7sFwgB15/jkaGv34tWTs0uxMIwzMXDNcUMSdHtf3CgRkvaIRYvJnIXYNKv28ur+y/3HW0d7pzu32ER3C4Qx2s3jcw33gybu2ZXoVraRjSWyTqtC0pfmUFD3jjSYHlw83j06Od28DSqa/iaEaTo0kI9Pz0/2jra2tnZNehwnm7e7pSl0cn56ery583chStP/A730VXFdmmcjAAAAAElFTkSuQmCC', 'lotteria@gmail.com', 'Lotteria', '0987654321'), (4, 'data:image/png;base64,iVBORw0KGgoAAAANSUhEUgAAAOEAAADhCAMAAAAJbSJIAAAA+VBMVEUBiEb+8QIakVP/9AD/9gD/8wAECAkAh0cAAAgAhEgAhUf/+AAAgkgfjkEAg0YAiEUAAA1npjVlqzWXwSgAAAYAgEnUzA2IkBOszSMAiUH38QOrxyaFuC/i4AsvlD7//Aiupg4/mD3o6BF2sDLF1xxsaQzHxA/i2AilsRW40CDZ4heOuypCQAZImzpVUw/C1xthZg7c5BNXpTchLxG/2BtNnzfMwxKJhBBlYhV/fhK6txHx5g9CQBUkJg7O4BUkIQ43NAihmxCUkA4xNRAAekp+tDQZGA2ppBFaqi7W1g+hyCemoBFxrDYAFxFZXRaavSyVmRxCOxEOHQ0PP3K4AAAPt0lEQVR4nO1cC5faNhaGSoqQJdsMjLNY40IwpFlDKAsb0iSkNG3DZsvOdh///8fslWQY22CGyTbb0R59OWcwsgB9ulf3JTmNxv85vvq9B/DF4RjaD8fQfjiG9sMxtB+Oof1wDO2HY2g/HEP74RjaD8fQfjiG9sMxtB+Oof1wDO2HY2g/HEP74RjaD8fQfjiG9sMxtB+Oof1wDO2HY2g/HEP74RjaD8fQfjiG9sMxtB+Oof1wDO2HY2g/HEP74RjaD8fQfjiG9sMxtB+OYT3CkP6G4/hy+CyGlHqMCSFYEAjm0cfN9MEMKWUiHl4lu2yscJN0hrGg3pcY22+DBzKkLJhNxynCGCFEAAhzko6ns0A8Vkk+iCGN+t2UYNKsgGCU7voR+1KD/K/wAIYeW80xrrLbkyR8vPQeI8eLGdJgNeZH0iuR5JulCL/kYD8LFzKkIs7QWX5GW8f+oxPjZQypN5LoPn6ao0wem8m5iKEXZ/wSflpVX/ksfEy6eglD1l8c2886ILwYPipNvYAhm8lafogPeHV9Erl6TJp6P0O2rCVI8Ovv3rx916wuUX4l/gdDvxD3MmSzWhND1m9aCu9fVLugzuOheB9D1pf1S+7b1hOF1vfr6i05PBWphipiN2jQO2vkHfUNqiuZNtix5tOLgv57GNI4rRUhfmYIPnnS/u7I1KbxiR8PvVGOjh+wPcWg71f6Bkmv2sQ6vVmFNqWzS4z2PQy9eb0b5N/uGbbagyP5boLjbxMbjnPwTV9zCKmYDjZlnWYjzm/LDL3+gHfLDGm4GYwusNrnGUbJmUBt8MOe4ZOWkSEGyzrgXE0KwdMjirSPwJlofriJJnr+qUgw7pTUNBQZkv0yQzbFeFnqRemYp/79BM8zpP45Rz94uWd4bWSI3n14CfjwWstdzqp66o0wnvaHClNJuB6x2GI8KouQNlKyqFiqaIxkiU6oCPYvSUvPMhTjc6Ea//Ggpc/1TAx+bbXBtLbXWu5oElRWicgwWCCq8HGO8JUaXyTRqGJD6Ayhm3IbjSXalKJ672qQ+hfl3ecYsk5drmSw/j63pe0X5O5969t8WviounBSkuaqG81zRWTLWXWc7EhvG96S8Gn52+Lb+LLCwhmGlE7Ox2roxfetaxBb+7WeCfRUE279tFfttKJqQ4IyPcyQ+RJvBFXFniAS+Ug9eKNKBcEYoVBfHziJLkYr3eRp2VLoGwWQcocqbY0CCvdojWGtZ0i9e0QInOSP71s//7Q25oj/ZBg+3as2LgvRgyV3GwWMeSLcYNRnopMt1jJ9pcMDEYzGqUyzmQBRbz6OJut0s4z2Y5kgKZbzVE70mvWCTt4XtGHVm8D1JKlLTc/IMJjUECMIYfinouwBgOv3YCRfqgCn/UPzIPlFUFxN3pigaaKwkzydCX/BOQbLS5QfYB2p3yC+nHHU3ahwF/PcfHp9ibLdACwwKKvXYKvUeB2eMPZqAB+D4fBxjfs/I8NhjSFFTw2aa/O6bprXb/6k8YfBgSEqGnhYhmpO1NwgksWCLgdpNt1OFwjMZATeQPa2yRij8RQ1UzS+yWSTbIwQvSveTPnkJksJSSFsQNA3STaoiX1fynE3ScAkVrzJBQyjXY2SEh2Mtj6AVipcf7Nua+G9AVcIKHwK9workc44OEwDRCY+DYexYIGI0yYZjiAE8CNYUj15BaJO+7DOVrIpzUfFDjXlUgTCT5touMJo0Y9A1zOEumLoC+Z5Ykzw6KEMg7ROhGa5fTd4ry/a/Nm1bnh3PCOF2C1kU4Q7sa8wzDDeRNTzgsCjyqyuJAQAVMnZo8GgKZUfoHRBpBk0WxC+UlY4yggaptj4CW+FSSYg1A2A7RTz2wcy9GY1IszdYOtp08SkzwfPDdOvjy0vX96tjWBDZKydIfWiCeEhi5fJdORHC5TuwFR6xlKwKwgLlOiVc5lo50J9jOZaX6MNSkGfb7Vq0GET9aJwtZ1u+9ENag4ftg4hXKzJ67EORyGfeGeYPsN/0Q0/H8WmIO/d3byGiGyMrW/QAJSKJinng4FMwIpM0CGIYcBWR0MwxXinjbEHcapWQXD8eD5upibe82AukiWYKz7A0wVJa/KMWhmCZp8kSNZPNKE3g7eG4fpFxQ0WO28O/oItMdrHzkoBQW540U12KYSo3cKKDRY4bajBBkke2KlYCOlcw1ti3AUrpOUZsh4EvwinvWS6gC/pnQj1zzKMj5ahDpoRf6ftS/sT/0tbWZj36Cf92np9KsKTB1PDbjBe5dPMOhxvEO5FjAVxSpp/xWinO4Ye5KM4UwwoGyOue4dRiiZUcwLHfwti1H2VC5lIUGQRMDGuOt/7GdKjzBe9fvMc8ObTNxpraV5/wb+Yi5MS54ccIQKxhSb7BSuJ0jHYE2VbwIqkfU4mEYXrOJlBdD4yeRWEPZGhgtGNHn4wIakvm6nyfCyeYLlDWBehowyRakZ5H0NQiOpg3xov8UJ7W0TWLzSAusFphnsnBTNG0q3291OIyuRsQqRyDwKWXQ88JdrFQeNqMejd4GbfLEOOu1pYAcSpV4qh50s0/ziB2M8X8dUCotcbYBgJIUaELKIaJrUMb4+W1c/GwvA9YeMFX5yNXXGSrw464qDmPI9F0uFHWFtmGRLeiabgKmUqwev3wbLqnAQ0kpv8S7wiebp4xXEiIJY0ffHo45Y35S75xwSabuoqQ3UMYeLKYyXGoFy/3bd/0IQ/nI9d8d64sBGWe4xH4AZBycAIyt2Ug9MUU4jZMJdZ7Ms8iRBzbnJkcMw80/Mkphw0m40kZNBczn3WCDKkLOn8rxwdZaP3MYSkuqJvf2sV/TrKLejb88VwtMsZhtTv5wh1zkDpVZLc+sK/7UNWAC/wri8oXeZ6Tfu3vok0vVle0qDxrZKlF5u+YHFDNkuS0RD0e1ZblKpl2K0y/NXY0L1wDOH2iUCmJMO7uI0ekL/3IMugqmBWeKcu9v09Wr2q9lXX5tKr43c5Q4L//meFX3OZ4TeK4fX1UR2xwrB2efzPcLGWkoHB/n3r+hqi7pcnApkSw93vvodRa0urlubA1PxZ/1HjF1RoPcXwH4+X4bG3UMh9HxDSNUGM0F3LKfDtPpYqrcG7hkZxgZYWarV/3tI4aj7RcglDujrlwtEL7QTz2pqS0etr3fBjjUk9BGqhTpv8u1NGzDT4jOW37hBGquSiL+PimHSLZ7oUms3nayleHrXpAX9qlVNB/J1pONqb2ctwnyCyHleVjkle1whFoioh4Pr93QKVAbF07DWiCfTn40L1ZajqA5tYqh4FPkGiah/d2tVQnx+eSoC5TgVbTw6pIDcFxOOqfo70oKS+3qPDZhOcCl1A4JuwI0+sd7wJqK/njG/vkhNl+/B0CdqCsoKFhpwR+q0eLEOVshz/9FoX8lsv9zqJ1rnfrzNL4/0AwzxIUuE2JPJztXB5JmrsGR5FI3MH0v1cijqd4/1M8Smm87GaipMbQffJMDnOgI8qovhZu66AYe7flXHDSFdfVRrH/IXqj7uRrldWlFT3yj5m5tfRJsoNj6+WTSqUahV3NVScWhbqpQxpv8jQbKgMTO3priLKv9WGpr3Wt0+clSpsI9KZ6kDwKpql6kKOBFXDJVm3hAl8OZnT/SLZx+66eotu+jC5eXEjZ9iD/rimRnOWoUro7gi+/vRM4Z9/0Di4P2Tev9V3Pz09Yrgo6k7Q05KedCQxm/1eR6+pSLACokQVYne6SqR/JhdYpJks1V08LfA5EurlDINCVIP+pUXVzouBBTVUbwc/GtF+c7TZ3S0qj2eMjd71Jws/gKWOQKblLQqq1z9adZUkN7rrRu2l0nChmFBoIs2hygkFE+oEaB8rodYlh2cZ5tZMy2JtltvzwUnHfqhNVe/KcvlLbA9OZg7+gAZqZcnYywtw+i+jKXCQut6O/Y2Stk6ndH2ajEP1DfKmALU9hut9xTmGXpQdNiCenUsk8tpU+011N5WMK8WhwGz1EH6j84GV+rrF8qqERJGaxyBussgPEaC+FwrQKIITs5VSNUy8ppB4D8PQjEDBuMEnrSMhGf6vzd1PlbiG8HKdPaTClEZQVyuVTl9IE5csqdoOaeJtB2YL3wQsUd+JJiKMNur847B3MrKQZ5T07P5hsN/E522thu9P+wSuy4qto7hmv+tw930rEyeRhfYAQe3mHY5fabPiUTE2foU1uBKqOFmHR9nnMqTDPJ9/2tY4PnFh8L2++++qCHF57zOMtgcnk0R1caH+5ESv0NSnYd4Jz4yvmKlzybII/UOdc3ulZ3e5g5s8sPha47SSNom5Wy3q4ywqxsd5oGY6qciGjbBJUUrQX9g1ZkVvFW7VxOGJCgDQ0gRucSFK176iHKA/hCHd784QjZopr7mblsJ9SvXxRjw3kU0GK0sNGmxHCUttQ2dqheLEVKTuzhKgAKIBwvuFPGuolPfUwZYLGUIOdd82cC1wp2jBPX+iF9QumpmzKEsvVJHNwVfkHoNp9aTK9xHjxU20pidyHKvLYhShjRWens2y7zkxJKoFqUvBdyVnP9RHq9BW0EhHNmTizXgxMs/7rVRj5jeVWcnNxyE6x8mVWozFPUmhNKK+kHgJQ3ruUNQ5CU4KiR2NlhK0mEi9Lx+bNGpb0MTChCobOlIrFO9YPvBgbChyX+cVV4VQN8Za5P8NQ3VI4DOkiBZxgaCRAlr0zeaDyYvk16qt4qp1LEziOSlmfLmekkVgzErhyN+tEerZ0233MaRenD6YIkr73uFXKe0NVHq/iY28vGCjnLyq8eBF+WEb2ueqsSEhmZd3zcGWqw/cDAfwtxgniUyl97dnRXjJCVqTzT2QYGHYnawH6IZ5W+gNe3tsK2eKVqrrqK9uFfMH1lUtM/1FBSVtBDvVXl+iuYxhCFoyufQcuyG4KB/H8oTOBO7GQcUeVU+t7wT6b4m7SiIE9Y4+YtrPE7jgnDcNg1MVjTrgV41H9ZzXRU8jgK247HELcP54+piOsTcufmaGDSfnHwnaC3Ax+903Kiq49LknGm1P1f0q/GRyfGb798alDMMGi7uS1wenit8ufmQaqvCAp/Oo8Kdp3eN5iKdT/xHye+gTlqyxyiSvnEpQz5HKbBk+Sn4Pf0qWMm82naeS7BM60kzH3ZUI2OPk91nPclMmAn91u02m02lyu/LV89y//cB+M3zm8/jU8zwWBCyA9O4xPYp3Au7/VLAfjqH9cAzth2NoPxxD++EY2g/H0H44hvbDMbQfjqH9cAzth2NoPxxD++EY2g/H0H44hvbDMbQfjqH9cAzth2NoPxxD++EY2g/H0H44hvbDMbQfjqH9cAzth2NoPxxD++EY2g/H0H44hvbDMbQfjqH9cAzth2NoPxxD++EYWg/6VeOr/3f8B4kGUPpzf8FEAAAAAElFTkSuQmCC', 'bachhoaxanh@gmail.com', 'Bách hóa xanh', '0367151730');
COMMIT;

-- ----------------------------
-- View structure for bill_view
-- ----------------------------
DROP VIEW IF EXISTS `bill_view`;
CREATE ALGORITHM = UNDEFINED SQL SECURITY DEFINER VIEW `bill_view` AS select `o`.`order_id` AS `order_id`,`c`.`customer_id` AS `customer_id`,`c`.`fullname` AS `fullname`,`c`.`phone` AS `phone`,`od`.`address` AS `address`,`o`.`order_date` AS `order_date`,group_concat(concat(`pr`.`name`,' (Giá: ',round((`pr`.`price` - ((`pr`.`price` * `pr`.`discount`) / 100)),3),', Số lượng: ',`od`.`quantity`,')') separator ', ') AS `product_list`,format(`o`.`total_price`,3) AS `total_price` from (((`orders` `o` join `customers` `c` on((`o`.`customer_id` = `c`.`customer_id`))) join `order_details` `od` on((`o`.`order_id` = `od`.`order_id`))) join `products` `pr` on((`od`.`product_id` = `pr`.`product_id`))) group by `o`.`order_id`,`c`.`customer_id`,`c`.`fullname`,`c`.`phone`,`od`.`address`,`o`.`order_date`,`o`.`total_price`;

-- ----------------------------
-- View structure for cart_product_view
-- ----------------------------
DROP VIEW IF EXISTS `cart_product_view`;
CREATE ALGORITHM = UNDEFINED SQL SECURITY DEFINER VIEW `cart_product_view` AS select `c`.`cart_id` AS `cart_id`,`c`.`customer_id` AS `customer_id`,`c`.`product_id` AS `product_id`,`c`.`quantity` AS `quantity`,`p`.`name` AS `name`,`c`.`price` AS `price`,`p`.`image` AS `image`,`p`.`discount` AS `discount` from (`carts` `c` join `products` `p` on((`c`.`product_id` = `p`.`product_id`)));

-- ----------------------------
-- Triggers structure for table customers
-- ----------------------------
DROP TRIGGER IF EXISTS `create_cart_for_new_customer`;
delimiter ;;
CREATE TRIGGER `create_cart_for_new_customer` AFTER INSERT ON `customers` FOR EACH ROW BEGIN
    INSERT INTO carts (customer_id) VALUES (NEW.customer_id);
END
;;
delimiter ;

-- ----------------------------
-- Triggers structure for table order_details
-- ----------------------------
DROP TRIGGER IF EXISTS `decrease_quantity`;
delimiter ;;
CREATE TRIGGER `decrease_quantity` AFTER INSERT ON `order_details` FOR EACH ROW BEGIN
    -- Giảm số lượng sản phẩm khi có đơn hàng được tạo
    UPDATE products
    SET quantity = quantity - NEW.quantity
    WHERE product_id = NEW.product_id;
END
;;
delimiter ;

-- ----------------------------
-- Triggers structure for table order_details
-- ----------------------------
DROP TRIGGER IF EXISTS `increase_quantity`;
delimiter ;;
CREATE TRIGGER `increase_quantity` AFTER DELETE ON `order_details` FOR EACH ROW BEGIN
    -- Tăng lại số lượng sản phẩm khi đơn hàng bị hủy
    UPDATE products
    SET quantity = quantity + OLD.quantity
    WHERE product_id = OLD.product_id;
END
;;
delimiter ;

-- ----------------------------
-- Triggers structure for table orders
-- ----------------------------
DROP TRIGGER IF EXISTS `orders_before_insert`;
delimiter ;;
CREATE TRIGGER `orders_before_insert` BEFORE INSERT ON `orders` FOR EACH ROW BEGIN 
  IF NEW.order_date IS NULL THEN 
    SET NEW.order_date = NOW(); 
  END IF; 
END
;;
delimiter ;

SET FOREIGN_KEY_CHECKS = 1;
