{
  "booking": {
    "28060e848f807b60": {
      "1669695809031": {
        "address": "Hoan Kiem, Chuong Duong, Ha Noi",
        "amount": 626,
        "foods": "- Bò sốt tiêu đen (160 000 VNĐ) - Số lượng: 1\n- Gà rang muối (76 000 VNĐ) - Số lượng: 1\n- Ếch xào măng (150 000 VNĐ) - Số lượng: 2\n- Sườn xào chua ngọt (90 000 VNĐ) - Số lượng: 1",
        "id": 1669695809031,
        "name": "Nguyen Dang Tin",
        "payment": 1,
        "phone": "0987868786"
      },
      "1669695919688": {
        "address": "Trung Hoa, Cau Giay, Ha Noi",
        "amount": 304,
        "foods": "- Gà rang muối (76 000 VNĐ) - Số lượng: 4",
        "id": 1669695919688,
        "name": "Nguyen Van Anh",
        "payment": 1,
        "phone": "0987878787"
      },
      "1669720418802": {
        "address": "Ha Noi",
        "amount": 466,
        "foods": "- Gà rang muối (76 000 VNĐ) - Số lượng: 1\n- Ếch xào măng (150 000 VNĐ) - Số lượng: 2\n- Sườn xào chua ngọt (90 000 VNĐ) - Số lượng: 1",
        "id": 1669720418802,
        "name": "Nguyen Tin",
        "payment": 1,
        "phone": "0978687687"
      }
    },
    "44b72ec1106a5bf5": {
      "1671218621478": {
        "address": "kk",
        "amount": 2580,
        "foods": "- Bò sốt tiêu đen (160 000 VNĐ) - Số lượng: 15\n- Sườn xào chua ngọt (90 000 VNĐ) - Số lượng: 2",
        "id": 1671218621478,
        "name": "Trần Quang Trường",
        "payment": 1,
        "phone": "0778552865"
      }
    },
    "8b0f53b4509fd716": {
      "1671652771281": {
        "address": "s5c6a5sc1a56sc1",
        "amount": 540,
        "foods": "- Sườn xào chua ngọt (90 000 VNĐ) - Số lượng: 6",
        "id": 1671652771281,
        "name": "adasda",
        "payment": 1,
        "phone": "5161651651165"
      }
    },
    "a9335e065124b4f7": {
      "1670251917339": {
        "address": "đà nẵng",
        "amount": 90,
        "foods": "- Sườn xào chua ngọt (90 000 VNĐ) - Số lượng: 1",
        "id": 1670251917339,
        "name": "thiẹn",
        "payment": 1,
        "phone": "123456789"
      }
    },
    "f34b1f429c720aca": {
      "1669735307748": {
        "address": "Hoan kiem, ha noi",
        "amount": 228,
        "foods": "- Gà rang muối (76 000 VNĐ) - Số lượng: 3",
        "id": 1669735307748,
        "name": "Tincoder",
        "payment": 1,
        "phone": "03598659865"
      },
      "1671546087813": {
        "address": "Hoan kiem, ha noi",
        "amount": 318,
        "foods": "- Gà rang muối (76 000 VNĐ) - Số lượng: 3\n- Sườn xào chua ngọt (90 000 VNĐ) - Số lượng: 1",
        "id": 1671546087813,
        "name": "Tincoder",
        "payment": 1,
        "phone": "06835986538"
      },
      "1672161691587": {
        "address": "Cau Giay, Ha Noi",
        "amount": 390,
        "foods": "- Ếch xào măng (150 000 VNĐ) - Số lượng: 2\n- Sườn xào chua ngọt (90 000 VNĐ) - Số lượng: 1",
        "id": 1672161691587,
        "name": "Timcoder",
        "payment": 1,
        "phone": "0986898689"
      }
    }
  },
  "feedback": {
    "1669615852772": {
      "comment": "Very good !!!",
      "email": "tinabc@gmail.com",
      "name": "Tin",
      "phone": "0987878787"
    },
    "1669719749754": {
      "comment": "From kotlin app",
      "email": "tin@gmail.com",
      "name": "Tin",
      "phone": "0987868686"
    },
    "1669735399460": {
      "comment": "Rat ngon",
      "email": "tin@gmail.com",
      "name": "Tincoder",
      "phone": "035689568"
    },
    "1672161498659": {
      "comment": "App kha hay",
      "email": "tincoder@gmail.com",
      "name": "Tincoder",
      "phone": "098689568"
    }
  },
  "food": [
    null,
    {
      "banner": "https://cdn.tgdd.vn/Files/2021/08/06/1373426/cach-lam-mon-thit-bo-sot-tieu-den-mem-ngon-cuc-hao-com-202108061313431174.jpg",
      "description": "Thịt bò là nguyên liệu thơm ngon và giàu chất dinh dưỡng. Điện máy XANH mách bạn công thức chế biến món bò sốt tiêu đen vô cùng đậm đà ngay tại nhà nhé. Cùng vào bếp với món xào hấp dẫn ngay thôi.",
      "id": 1,
      "image": "https://fujifoods.vn/wp-content/uploads/2021/05/bo-sot-tieu-den-1.jpg",
      "name": "Bò sốt tiêu đen",
      "popular": true,
      "price": 200,
      "sale": 20
    },
    {
      "banner": "https://cdn.tgdd.vn/2021/11/CookDish/cach-lam-ga-rang-muoi-gion-ngon-don-gian-tai-nha-avt-1200x675.jpg",
      "description": "Các món từ gà có nhiều vô số kể, với đa dạng cách chế biến hấp dẫn, thơm ngon, đậm đà đầy lôi cuốn. Vậy bạn đã biết đến công thức gà rang muối chuẩn vị, dễ thực hiện này chưa. Cùng Điện máy XANH vào bếp và thực hiện ngay món ăn bổ dưỡng này nhé",
      "id": 2,
      "image": "https://i-giadinh.vnecdn.net/2021/10/05/ga-1633424288-6109-1633424437.jpg",
      "images": [
        {
          "id": 1,
          "url": "https://cdn.tgdd.vn/2021/11/CookRecipe/GalleryStep/lan-bot-va-chien-ga.jpg"
        },
        {
          "id": 2,
          "url": "https://cdn.tgdd.vn/2021/11/CookRecipe/GalleryStep/hoan-thanh-293.jpg"
        },
        {
          "id": 3,
          "url": "https://cdn.tgdd.vn/2021/11/CookRecipe/GalleryStep/hoan-thanh-294.jpg"
        },
        {
          "id": 4,
          "url": "https://cdn.tgdd.vn/2021/11/CookRecipe/GalleryStep/hoan-thanh-295.jpg"
        },
        {
          "id": 5,
          "url": "https://cdn.tgdd.vn/2021/11/CookRecipe/GalleryStep/hoan-thanh-296.jpg"
        },
        {
          "id": 6,
          "url": "https://cdn.tgdd.vn/2021/11/CookRecipe/GalleryStep/chien-sa-gung-3.jpg"
        }
      ],
      "name": "Gà rang muối",
      "popular": true,
      "price": 80,
      "sale": 5
    },
    {
      "banner": "https://cdn.tgdd.vn/2020/12/CookProduct/thumech-1200x676.jpg",
      "description": "Thịt ếch là loại nguyên liệu có hương vị thơm ngon và giàu dinh dưỡng nên thường được lựa chọn để chế biến rất nhiều món ăn. Hôm nay, Bếp Trưởng Á Âu sẽ mang đến cho bạn món ăn đơn giản mà ngon , cùng tìm hiểu cách làm ếch xào măng thơm ngon bổ sung protein,  canxi và nhiều dưỡng chất cho cơ thể.",
      "id": 3,
      "image": "https://cdn.beptruong.edu.vn/wp-content/uploads/2015/11/ech-xao-mang.jpg",
      "name": "Ếch xào măng",
      "popular": false,
      "price": 150,
      "sale": 0
    },
    {
      "banner": "https://cdn.tgdd.vn/Files/2021/12/06/1402490/cach-lam-suon-xao-chua-ngot-kieu-mien-nam-vet-sach-noi-com-202112060401499018.jpg",
      "description": "Sườn sau khi mua về, bạn rửa qua với nước sạch rồi dùng dao cắt thành từng miếng nhỏ khoảng 4cm cho vừa ăn. Cho vào tô 1 muỗng canh muối và 1 muỗng canh giấm, khuấy đều rồi cho sườn vào ngâm trong 15 phút.",
      "id": 4,
      "image": "https://cdn.tgdd.vn/Files/2021/12/06/1402490/cach-lam-suon-xao-chua-ngot-kieu-mien-nam-vet-sach-noi-com-202112060401499018.jpg",
      "name": "Sườn xào chua ngọt",
      "popular": true,
      "price": 100,
      "sale": 10
    }
  ]
}